#
# There is insufficient memory for the Java Runtime Environment to continue.
# Native memory allocation (mmap) failed to map 15728640 bytes. Error detail: G1 virtual space
# Possible reasons:
#   The system is out of physical RAM or swap space
#   This process is running with CompressedOops enabled, and the Java Heap may be blocking the growth of the native heap
# Possible solutions:
#   Reduce memory load on the system
#   Increase physical memory or swap space
#   Check if swap backing store is full
#   Decrease Java heap size (-Xmx/-Xms)
#   Decrease number of Java threads
#   Decrease Java thread stack sizes (-Xss)
#   Set larger code cache with -XX:ReservedCodeCacheSize=
#   JVM is running with Unscaled Compressed Oops mode in which the Java heap is
#     placed in the first 4GB address space. The Java Heap base address is the
#     maximum limit for the native heap growth. Please use -XX:HeapBaseMinAddress
#     to set the Java Heap base and to place the Java Heap above 4GB virtual address.
# This output file may be truncated or incomplete.
#
#  Out of Memory Error (os_windows.cpp:3926), pid=24608, tid=41616
#
# JRE version: OpenJDK Runtime Environment (21.0.10) (build 21.0.10+-14961533-b1163.108)
# Java VM: OpenJDK 64-Bit Server VM (21.0.10+-14961533-b1163.108, mixed mode, tiered, compressed oops, compressed class ptrs, g1 gc, windows-amd64)
# No core dump will be written. Minidumps are not enabled by default on client versions of Windows
#

---------------  S U M M A R Y ------------

Command Line: --add-opens=java.base/java.lang=ALL-UNNAMED --add-opens=java.base/java.lang.invoke=ALL-UNNAMED --add-opens=java.base/java.util=ALL-UNNAMED --add-opens=java.prefs/java.util.prefs=ALL-UNNAMED --add-exports=jdk.compiler/com.sun.tools.javac.api=ALL-UNNAMED --add-exports=jdk.compiler/com.sun.tools.javac.util=ALL-UNNAMED --add-opens=java.base/java.util=ALL-UNNAMED --add-opens=java.prefs/java.util.prefs=ALL-UNNAMED --add-opens=java.base/java.nio.charset=ALL-UNNAMED --add-opens=java.base/java.net=ALL-UNNAMED --add-opens=java.base/java.util.concurrent=ALL-UNNAMED --add-opens=java.base/java.util.concurrent.atomic=ALL-UNNAMED --add-opens=java.xml/javax.xml.namespace=ALL-UNNAMED --add-opens=java.base/java.time=ALL-UNNAMED -Xmx2048m -Dfile.encoding=UTF-8 -Duser.country=IN -Duser.language=en -Duser.variant -javaagent:C:\Users\prave\.gradle\wrapper\dists\gradle-9.4.1-bin\arn2x92ynaizyzdaamcbpbhtj\gradle-9.4.1\lib\agents\gradle-instrumentation-agent-9.4.1.jar org.gradle.launcher.daemon.bootstrap.GradleDaemon 9.4.1

Host: 11th Gen Intel(R) Core(TM) i3-1115G4 @ 3.00GHz, 4 cores, 7G,  Windows 11 , 64 bit Build 22621 (10.0.22621.5415)
Time: Mon Jun  1 23:01:05 2026 India Standard Time elapsed time: 32.577094 seconds (0d 0h 0m 32s)

---------------  T H R E A D  ---------------

Current thread (0x000001e8aa3e00e0):  VMThread "VM Thread"          [id=41616, stack(0x000000c350600000,0x000000c350700000) (1024K)]

Stack: [0x000000c350600000,0x000000c350700000]
Native frames: (J=compiled Java code, j=interpreted, Vv=VM code, C=native code)
V  [jvm.dll+0x6d78a9]
V  [jvm.dll+0x8665b3]
V  [jvm.dll+0x868bde]
V  [jvm.dll+0x8692c3]
V  [jvm.dll+0x280ee6]
V  [jvm.dll+0x6d4165]
V  [jvm.dll+0x6c77fa]
V  [jvm.dll+0x358f4b]
V  [jvm.dll+0x360bc6]
V  [jvm.dll+0x3b2ea6]
V  [jvm.dll+0x3b3178]
V  [jvm.dll+0x32b65c]
V  [jvm.dll+0x32e066]
V  [jvm.dll+0x337f3d]
V  [jvm.dll+0x36f6a5]
V  [jvm.dll+0x86f048]
V  [jvm.dll+0x870394]
V  [jvm.dll+0x8708d0]
V  [jvm.dll+0x870b63]
V  [jvm.dll+0x80fd28]
V  [jvm.dll+0x6d60fd]
C  [ucrtbase.dll+0x29333]
C  [KERNEL32.DLL+0x1259d]
C  [ntdll.dll+0x5af78]

VM_Operation (0x000000c3501ff8f0): G1PauseRemark, mode: safepoint, requested by thread 0x000001e8935f4290


---------------  P R O C E S S  ---------------

Threads class SMR info:
_java_thread_list=0x000001e8b0469170, length=50, elements={
0x000001e89358c080, 0x000001e8aa589b30, 0x000001e8aa599cd0, 0x000001e8aa59a340,
0x000001e8aa5bba00, 0x000001e8aa5bc070, 0x000001e8aa5c06f0, 0x000001e8aa5c8d70,
0x000001e8aa5cbc60, 0x000001e8aa5d0560, 0x000001e8aa9254d0, 0x000001e8b0b9afc0,
0x000001e8af43e300, 0x000001e8b0c572a0, 0x000001e8b1900db0, 0x000001e8b1901c60,
0x000001e8b16988b0, 0x000001e8b14abe00, 0x000001e8b14acb20, 0x000001e8b14ad1b0,
0x000001e8b14ad840, 0x000001e8b14ac490, 0x000001e8b14ab0e0, 0x000001e8b14ab770,
0x000001e8b1f11160, 0x000001e8b1f138c0, 0x000001e8b1f117f0, 0x000001e8b1f15300,
0x000001e8b1f10ad0, 0x000001e8b1f13f50, 0x000001e8b1f16020, 0x000001e8b1f16d40,
0x000001e8b1f166b0, 0x000001e8b1f11e80, 0x000001e8b1f0fdb0, 0x000001e8b1f12510,
0x000001e8b1f12ba0, 0x000001e8b2c0b200, 0x000001e8b2c06340, 0x000001e8b2c05620,
0x000001e8b2c097c0, 0x000001e8b2c0c5b0, 0x000001e8b2c0bf20, 0x000001e8b3c002b0,
0x000001e8b3c00940, 0x000001e8b3c01660, 0x000001e8b3c02380, 0x000001e8b3c02a10,
0x000001e8b3c03730, 0x000001e8b2c07060
}

Java Threads: ( => current thread )
  0x000001e89358c080 JavaThread "main"                              [_thread_blocked, id=38892, stack(0x000000c34ff00000,0x000000c350000000) (1024K)]
  0x000001e8aa589b30 JavaThread "Common-Cleaner"             daemon [_thread_blocked, id=8204, stack(0x000000c350700000,0x000000c350800000) (1024K)]
  0x000001e8aa599cd0 JavaThread "Reference Handler"          daemon [_thread_blocked, id=10352, stack(0x000000c350800000,0x000000c350900000) (1024K)]
  0x000001e8aa59a340 JavaThread "Finalizer"                  daemon [_thread_blocked, id=29160, stack(0x000000c350900000,0x000000c350a00000) (1024K)]
  0x000001e8aa5bba00 JavaThread "Signal Dispatcher"          daemon [_thread_blocked, id=3852, stack(0x000000c350a00000,0x000000c350b00000) (1024K)]
  0x000001e8aa5bc070 JavaThread "Attach Listener"            daemon [_thread_blocked, id=27524, stack(0x000000c350b00000,0x000000c350c00000) (1024K)]
  0x000001e8aa5c06f0 JavaThread "Service Thread"             daemon [_thread_blocked, id=6016, stack(0x000000c350c00000,0x000000c350d00000) (1024K)]
  0x000001e8aa5c8d70 JavaThread "Monitor Deflation Thread"   daemon [_thread_blocked, id=4416, stack(0x000000c350d00000,0x000000c350e00000) (1024K)]
  0x000001e8aa5cbc60 JavaThread "C2 CompilerThread0"         daemon [_thread_blocked, id=16172, stack(0x000000c350e00000,0x000000c350f00000) (1024K)]
  0x000001e8aa5d0560 JavaThread "C1 CompilerThread0"         daemon [_thread_blocked, id=43640, stack(0x000000c350f00000,0x000000c351000000) (1024K)]
  0x000001e8aa9254d0 JavaThread "Notification Thread"        daemon [_thread_blocked, id=22888, stack(0x000000c351000000,0x000000c351100000) (1024K)]
  0x000001e8b0b9afc0 JavaThread "Daemon health stats"               [_thread_blocked, id=33612, stack(0x000000c351500000,0x000000c351600000) (1024K)]
  0x000001e8af43e300 JavaThread "Incoming local TCP Connector on port 57190"        [_thread_in_native, id=12972, stack(0x000000c351100000,0x000000c351200000) (1024K)]
  0x000001e8b0c572a0 JavaThread "Daemon periodic checks"            [_thread_blocked, id=20620, stack(0x000000c351600000,0x000000c351700000) (1024K)]
  0x000001e8b1900db0 JavaThread "Daemon"                            [_thread_blocked, id=34808, stack(0x000000c351800000,0x000000c351900000) (1024K)]
  0x000001e8b1901c60 JavaThread "Handler for socket connection from /127.0.0.1:57190 to /127.0.0.1:57191"        [_thread_in_native, id=39856, stack(0x000000c351900000,0x000000c351a00000) (1024K)]
  0x000001e8b16988b0 JavaThread "Cancel handler"                    [_thread_blocked, id=27876, stack(0x000000c351a00000,0x000000c351b00000) (1024K)]
  0x000001e8b14abe00 JavaThread "Daemon worker"                     [_thread_blocked, id=5672, stack(0x000000c351b00000,0x000000c351c00000) (1024K)]
  0x000001e8b14acb20 JavaThread "Asynchronous log dispatcher for DefaultDaemonConnection: socket connection from /127.0.0.1:57190 to /127.0.0.1:57191"        [_thread_blocked, id=20380, stack(0x000000c351c00000,0x000000c351d00000) (1024K)]
  0x000001e8b14ad1b0 JavaThread "Stdin handler"                     [_thread_blocked, id=35124, stack(0x000000c351d00000,0x000000c351e00000) (1024K)]
  0x000001e8b14ad840 JavaThread "Daemon client event forwarder"        [_thread_blocked, id=39712, stack(0x000000c351e00000,0x000000c351f00000) (1024K)]
  0x000001e8b14ac490 JavaThread "Cache worker for journal cache (C:\Users\prave\.gradle\caches\journal-1)"        [_thread_blocked, id=44756, stack(0x000000c351f00000,0x000000c352000000) (1024K)]
  0x000001e8b14ab0e0 JavaThread "File lock request listener"        [_thread_in_native, id=28416, stack(0x000000c352000000,0x000000c352100000) (1024K)]
  0x000001e8b14ab770 JavaThread "Cache worker for file hash cache (C:\Users\prave\.gradle\caches\9.4.1\fileHashes)"        [_thread_blocked, id=27892, stack(0x000000c352100000,0x000000c352200000) (1024K)]
  0x000001e8b1f11160 JavaThread "Cache worker for file hash cache (C:\Users\prave\AndroidStudioProjects\smartcareerpath\.gradle\9.4.1\fileHashes)"        [_thread_blocked, id=2408, stack(0x000000c352200000,0x000000c352300000) (1024K)]
  0x000001e8b1f138c0 JavaThread "Cache worker for Build Output Cleanup Cache (C:\Users\prave\AndroidStudioProjects\smartcareerpath\.gradle\buildOutputCleanup)"        [_thread_blocked, id=12708, stack(0x000000c352300000,0x000000c352400000) (1024K)]
  0x000001e8b1f117f0 JavaThread "File watcher server"        daemon [_thread_blocked, id=16984, stack(0x000000c352400000,0x000000c352500000) (1024K)]
  0x000001e8b1f15300 JavaThread "File watcher consumer"      daemon [_thread_blocked, id=38736, stack(0x000000c352500000,0x000000c352600000) (1024K)]
  0x000001e8b1f10ad0 JavaThread "Cache worker for file content cache (C:\Users\prave\.gradle\caches\9.4.1\fileContent)"        [_thread_blocked, id=25540, stack(0x000000c352600000,0x000000c352700000) (1024K)]
  0x000001e8b1f13f50 JavaThread "Cache worker for checksums cache (C:\Users\prave\AndroidStudioProjects\smartcareerpath\.gradle\9.4.1\checksums)"        [_thread_blocked, id=20740, stack(0x000000c352700000,0x000000c352800000) (1024K)]
  0x000001e8b1f16020 JavaThread "Cache worker for cache directory md-supplier (C:\Users\prave\.gradle\caches\9.4.1\md-supplier)"        [_thread_blocked, id=10356, stack(0x000000c352800000,0x000000c352900000) (1024K)]
  0x000001e8b1f16d40 JavaThread "Cache worker for cache directory md-rule (C:\Users\prave\.gradle\caches\9.4.1\md-rule)"        [_thread_blocked, id=8416, stack(0x000000c352900000,0x000000c352a00000) (1024K)]
  0x000001e8b1f166b0 JavaThread "jar transforms"                    [_thread_blocked, id=30884, stack(0x000000c352a00000,0x000000c352b00000) (1024K)]
  0x000001e8b1f11e80 JavaThread "jar transforms Thread 2"           [_thread_blocked, id=44404, stack(0x000000c352b00000,0x000000c352c00000) (1024K)]
  0x000001e8b1f0fdb0 JavaThread "jar transforms Thread 3"           [_thread_blocked, id=42696, stack(0x000000c352c00000,0x000000c352d00000) (1024K)]
  0x000001e8b1f12510 JavaThread "Build operations"                  [_thread_blocked, id=45800, stack(0x000000c352d00000,0x000000c352e00000) (1024K)]
  0x000001e8b1f12ba0 JavaThread "Build operations Thread 2"         [_thread_blocked, id=24348, stack(0x000000c352e00000,0x000000c352f00000) (1024K)]
  0x000001e8b2c0b200 JavaThread "Build operations Thread 3"         [_thread_blocked, id=32104, stack(0x000000c352f00000,0x000000c353000000) (1024K)]
  0x000001e8b2c06340 JavaThread "Build operations Thread 4"         [_thread_blocked, id=24604, stack(0x000000c353000000,0x000000c353100000) (1024K)]
  0x000001e8b2c05620 JavaThread "jar transforms Thread 4"           [_thread_blocked, id=30300, stack(0x000000c353100000,0x000000c353200000) (1024K)]
  0x000001e8b2c097c0 JavaThread "build event listener"              [_thread_blocked, id=34688, stack(0x000000c351700000,0x000000c351800000) (1024K)]
  0x000001e8b2c0c5b0 JavaThread "Memory manager"                    [_thread_blocked, id=10696, stack(0x000000c353200000,0x000000c353300000) (1024K)]
  0x000001e8b2c0bf20 JavaThread "build event listener"              [_thread_blocked, id=23416, stack(0x000000c353300000,0x000000c353400000) (1024K)]
  0x000001e8b3c002b0 JavaThread "pool-3-thread-1"                   [_thread_blocked, id=3080, stack(0x000000c353400000,0x000000c353500000) (1024K)]
  0x000001e8b3c00940 JavaThread "build event listener"              [_thread_blocked, id=3608, stack(0x000000c353500000,0x000000c353600000) (1024K)]
  0x000001e8b3c01660 JavaThread "included builds"                   [_thread_blocked, id=13700, stack(0x000000c353600000,0x000000c353700000) (1024K)]
  0x000001e8b3c02380 JavaThread "Execution worker"                  [_thread_blocked, id=18896, stack(0x000000c353700000,0x000000c353800000) (1024K)]
  0x000001e8b3c02a10 JavaThread "Execution worker Thread 2"         [_thread_blocked, id=16736, stack(0x000000c353800000,0x000000c353900000) (1024K)]
  0x000001e8b3c03730 JavaThread "Execution worker Thread 3"         [_thread_blocked, id=9260, stack(0x000000c353900000,0x000000c353a00000) (1024K)]
  0x000001e8b2c07060 JavaThread "Cache worker for execution history cache (C:\Users\prave\AndroidStudioProjects\smartcareerpath\.gradle\9.4.1\executionHistory)"        [_thread_blocked, id=28988, stack(0x000000c353a00000,0x000000c353b00000) (1024K)]
Total: 50

Other Threads:
=>0x000001e8aa3e00e0 VMThread "VM Thread"                           [id=41616, stack(0x000000c350600000,0x000000c350700000) (1024K)]
  0x000001e8aa385b70 WatcherThread "VM Periodic Task Thread"        [id=16740, stack(0x000000c350500000,0x000000c350600000) (1024K)]
  0x000001e8935e3390 WorkerThread "GC Thread#0"                     [id=29948, stack(0x000000c350000000,0x000000c350100000) (1024K)]
  0x000001e8af4c85f0 WorkerThread "GC Thread#1"                     [id=26756, stack(0x000000c351200000,0x000000c351300000) (1024K)]
  0x000001e8af4c91b0 WorkerThread "GC Thread#2"                     [id=27636, stack(0x000000c351300000,0x000000c351400000) (1024K)]
  0x000001e8afc52f10 WorkerThread "GC Thread#3"                     [id=2448, stack(0x000000c351400000,0x000000c351500000) (1024K)]
  0x000001e8935f4290 ConcurrentGCThread "G1 Main Marker"            [id=38488, stack(0x000000c350100000,0x000000c350200000) (1024K)]
  0x000001e8935f4cb0 WorkerThread "G1 Conc#0"                       [id=31820, stack(0x000000c350200000,0x000000c350300000) (1024K)]
  0x000001e8aa256500 ConcurrentGCThread "G1 Refine#0"               [id=21052, stack(0x000000c350300000,0x000000c350400000) (1024K)]
  0x000001e8aa25a960 ConcurrentGCThread "G1 Service"                [id=22440, stack(0x000000c350400000,0x000000c350500000) (1024K)]
Total: 10

Threads with active compile tasks:
C2 CompilerThread0  32600 14242       4       java.io.ObjectOutputStream$BlockDataOutputStream::setBlockDataMode (35 bytes)
Total: 1

VM state: at safepoint (normal execution)

VM Mutex/Monitor currently owned by a thread:  ([mutex/lock_event])
[0x00007ffabde386d0] Threads_lock - owner thread: 0x000001e8aa3e00e0
[0x00007ffabde387d0] Heap_lock - owner thread: 0x000001e8935f4290

Heap address: 0x0000000080000000, size: 2048 MB, Compressed Oops mode: 32-bit

CDS archive(s) not mapped
Compressed class space mapped at: 0x0000000100000000-0x0000000140000000, reserved size: 1073741824
Narrow klass base: 0x0000000000000000, Narrow klass shift: 3, Narrow klass range: 0x140000000

GC Precious Log:
 CardTable entry size: 512
 Card Set container configuration: InlinePtr #cards 5 size 8 Array Of Cards #cards 12 size 40 Howl #buckets 4 coarsen threshold 1843 Howl Bitmap #cards 512 size 80 coarsen threshold 460 Card regions per heap region 1 cards per card region 2048
 CPUs: 4 total, 4 available
 Memory: 7930M
 Large Page Support: Disabled
 NUMA Support: Disabled
 Compressed Oops: Enabled (32-bit)
 Heap Region Size: 1M
 Heap Min Capacity: 8M
 Heap Initial Capacity: 124M
 Heap Max Capacity: 2G
 Pre-touch: Disabled
 Parallel Workers: 4
 Concurrent Workers: 1
 Concurrent Refinement Workers: 4
 Periodic GC: Disabled

Heap:
 garbage-first heap   total 188416K, used 131748K [0x0000000080000000, 0x0000000100000000)
  region size 1024K, 15 young (15360K), 4 survivors (4096K)
 Metaspace       used 122460K, committed 124800K, reserved 1179648K
  class space    used 17131K, committed 18240K, reserved 1048576K

Heap Regions: E=young(eden), S=young(survivor), O=old, HS=humongous(starts), HC=humongous(continues), CS=collection set, F=free, TAMS=top-at-mark-start, PB=parsable bottom
|   0|0x0000000080000000, 0x0000000080100000, 0x0000000080100000|100%|HS|  |TAMS 0x0000000080100000| PB 0x0000000080000000| Complete 
|   1|0x0000000080100000, 0x0000000080200000, 0x0000000080200000|100%|HC|  |TAMS 0x0000000080200000| PB 0x0000000080100000| Complete 
|   2|0x0000000080200000, 0x0000000080300000, 0x0000000080300000|100%|HC|  |TAMS 0x0000000080300000| PB 0x0000000080200000| Complete 
|   3|0x0000000080300000, 0x0000000080400000, 0x0000000080400000|100%|HC|  |TAMS 0x0000000080400000| PB 0x0000000080300000| Complete 
|   4|0x0000000080400000, 0x0000000080500000, 0x0000000080500000|100%| O|  |TAMS 0x0000000080500000| PB 0x0000000080500000| Untracked 
|   5|0x0000000080500000, 0x0000000080600000, 0x0000000080600000|100%| O|  |TAMS 0x0000000080600000| PB 0x0000000080600000| Updating 
|   6|0x0000000080600000, 0x0000000080700000, 0x0000000080700000|100%| O|  |TAMS 0x0000000080700000| PB 0x0000000080700000| Untracked 
|   7|0x0000000080700000, 0x0000000080800000, 0x0000000080800000|100%| O|  |TAMS 0x0000000080800000| PB 0x0000000080800000| Updating 
|   8|0x0000000080800000, 0x0000000080900000, 0x0000000080900000|100%|HS|  |TAMS 0x0000000080900000| PB 0x0000000080800000| Complete 
|   9|0x0000000080900000, 0x0000000080a00000, 0x0000000080a00000|100%| O|  |TAMS 0x0000000080a00000| PB 0x0000000080a00000| Untracked 
|  10|0x0000000080a00000, 0x0000000080b00000, 0x0000000080b00000|100%| O|  |TAMS 0x0000000080b00000| PB 0x0000000080b00000| Updating 
|  11|0x0000000080b00000, 0x0000000080c00000, 0x0000000080c00000|100%| O|  |TAMS 0x0000000080c00000| PB 0x0000000080c00000| Untracked 
|  12|0x0000000080c00000, 0x0000000080d00000, 0x0000000080d00000|100%| O|  |TAMS 0x0000000080d00000| PB 0x0000000080d00000| Untracked 
|  13|0x0000000080d00000, 0x0000000080e00000, 0x0000000080e00000|100%| O|  |TAMS 0x0000000080e00000| PB 0x0000000080e00000| Untracked 
|  14|0x0000000080e00000, 0x0000000080f00000, 0x0000000080f00000|100%| O|  |TAMS 0x0000000080f00000| PB 0x0000000080f00000| Untracked 
|  15|0x0000000080f00000, 0x0000000081000000, 0x0000000081000000|100%| O|  |TAMS 0x0000000081000000| PB 0x0000000081000000| Untracked 
|  16|0x0000000081000000, 0x0000000081100000, 0x0000000081100000|100%| O|  |TAMS 0x0000000081100000| PB 0x0000000081100000| Untracked 
|  17|0x0000000081100000, 0x0000000081200000, 0x0000000081200000|100%| O|  |TAMS 0x0000000081200000| PB 0x0000000081200000| Untracked 
|  18|0x0000000081200000, 0x0000000081300000, 0x0000000081300000|100%| O|  |TAMS 0x0000000081300000| PB 0x0000000081300000| Untracked 
|  19|0x0000000081300000, 0x0000000081400000, 0x0000000081400000|100%| O|  |TAMS 0x0000000081400000| PB 0x0000000081400000| Untracked 
|  20|0x0000000081400000, 0x0000000081500000, 0x0000000081500000|100%| O|  |TAMS 0x0000000081500000| PB 0x0000000081500000| Untracked 
|  21|0x0000000081500000, 0x0000000081600000, 0x0000000081600000|100%| O|  |TAMS 0x0000000081600000| PB 0x0000000081600000| Updating 
|  22|0x0000000081600000, 0x0000000081700000, 0x0000000081700000|100%| O|  |TAMS 0x0000000081700000| PB 0x0000000081700000| Untracked 
|  23|0x0000000081700000, 0x0000000081800000, 0x0000000081800000|100%| O|  |TAMS 0x0000000081800000| PB 0x0000000081800000| Updating 
|  24|0x0000000081800000, 0x0000000081900000, 0x0000000081900000|100%| O|  |TAMS 0x0000000081900000| PB 0x0000000081900000| Updating 
|  25|0x0000000081900000, 0x0000000081a00000, 0x0000000081a00000|100%| O|  |TAMS 0x0000000081a00000| PB 0x0000000081a00000| Untracked 
|  26|0x0000000081a00000, 0x0000000081b00000, 0x0000000081b00000|100%| O|  |TAMS 0x0000000081b00000| PB 0x0000000081b00000| Untracked 
|  27|0x0000000081b00000, 0x0000000081c00000, 0x0000000081c00000|100%| O|  |TAMS 0x0000000081c00000| PB 0x0000000081c00000| Untracked 
|  28|0x0000000081c00000, 0x0000000081d00000, 0x0000000081d00000|100%| O|  |TAMS 0x0000000081d00000| PB 0x0000000081d00000| Untracked 
|  29|0x0000000081d00000, 0x0000000081e00000, 0x0000000081e00000|100%| O|  |TAMS 0x0000000081e00000| PB 0x0000000081e00000| Untracked 
|  30|0x0000000081e00000, 0x0000000081f00000, 0x0000000081f00000|100%| O|  |TAMS 0x0000000081f00000| PB 0x0000000081f00000| Untracked 
|  31|0x0000000081f00000, 0x0000000082000000, 0x0000000082000000|100%| O|  |TAMS 0x0000000082000000| PB 0x0000000082000000| Updating 
|  32|0x0000000082000000, 0x0000000082100000, 0x0000000082100000|100%| O|  |TAMS 0x0000000082100000| PB 0x0000000082100000| Untracked 
|  33|0x0000000082100000, 0x0000000082200000, 0x0000000082200000|100%| O|  |TAMS 0x0000000082200000| PB 0x0000000082200000| Untracked 
|  34|0x0000000082200000, 0x0000000082300000, 0x0000000082300000|100%| O|  |TAMS 0x0000000082300000| PB 0x0000000082300000| Untracked 
|  35|0x0000000082300000, 0x0000000082400000, 0x0000000082400000|100%|HS|  |TAMS 0x0000000082400000| PB 0x0000000082300000| Complete 
|  36|0x0000000082400000, 0x0000000082500000, 0x0000000082500000|100%|HC|  |TAMS 0x0000000082500000| PB 0x0000000082400000| Complete 
|  37|0x0000000082500000, 0x0000000082600000, 0x0000000082600000|100%| O|  |TAMS 0x0000000082600000| PB 0x0000000082600000| Untracked 
|  38|0x0000000082600000, 0x0000000082700000, 0x0000000082700000|100%| O|  |TAMS 0x0000000082700000| PB 0x0000000082700000| Updating 
|  39|0x0000000082700000, 0x0000000082800000, 0x0000000082800000|100%| O|  |TAMS 0x0000000082800000| PB 0x0000000082800000| Untracked 
|  40|0x0000000082800000, 0x0000000082900000, 0x0000000082900000|100%| O|  |TAMS 0x0000000082900000| PB 0x0000000082900000| Untracked 
|  41|0x0000000082900000, 0x0000000082a00000, 0x0000000082a00000|100%| O|  |TAMS 0x0000000082a00000| PB 0x0000000082a00000| Untracked 
|  42|0x0000000082a00000, 0x0000000082b00000, 0x0000000082b00000|100%| O|  |TAMS 0x0000000082b00000| PB 0x0000000082b00000| Untracked 
|  43|0x0000000082b00000, 0x0000000082c00000, 0x0000000082c00000|100%| O|  |TAMS 0x0000000082c00000| PB 0x0000000082c00000| Untracked 
|  44|0x0000000082c00000, 0x0000000082d00000, 0x0000000082d00000|100%| O|  |TAMS 0x0000000082d00000| PB 0x0000000082d00000| Updating 
|  45|0x0000000082d00000, 0x0000000082e00000, 0x0000000082e00000|100%| O|  |TAMS 0x0000000082e00000| PB 0x0000000082e00000| Untracked 
|  46|0x0000000082e00000, 0x0000000082f00000, 0x0000000082f00000|100%| O|  |TAMS 0x0000000082f00000| PB 0x0000000082f00000| Updating 
|  47|0x0000000082f00000, 0x0000000083000000, 0x0000000083000000|100%|HS|  |TAMS 0x0000000083000000| PB 0x0000000082f00000| Complete 
|  48|0x0000000083000000, 0x0000000083100000, 0x0000000083100000|100%| O|  |TAMS 0x0000000083100000| PB 0x0000000083100000| Untracked 
|  49|0x0000000083100000, 0x0000000083200000, 0x0000000083200000|100%| O|  |TAMS 0x0000000083200000| PB 0x0000000083200000| Untracked 
|  50|0x0000000083200000, 0x0000000083300000, 0x0000000083300000|100%|HS|  |TAMS 0x0000000083300000| PB 0x0000000083200000| Complete 
|  51|0x0000000083300000, 0x0000000083400000, 0x0000000083400000|100%|HS|  |TAMS 0x0000000083400000| PB 0x0000000083300000| Complete 
|  52|0x0000000083400000, 0x0000000083500000, 0x0000000083500000|100%|HC|  |TAMS 0x0000000083500000| PB 0x0000000083400000| Complete 
|  53|0x0000000083500000, 0x0000000083600000, 0x0000000083600000|100%|HS|  |TAMS 0x0000000083600000| PB 0x0000000083500000| Complete 
|  54|0x0000000083600000, 0x0000000083700000, 0x0000000083700000|100%|HS|  |TAMS 0x0000000083700000| PB 0x0000000083600000| Complete 
|  55|0x0000000083700000, 0x0000000083800000, 0x0000000083800000|100%| O|  |TAMS 0x0000000083800000| PB 0x0000000083800000| Untracked 
|  56|0x0000000083800000, 0x0000000083900000, 0x0000000083900000|100%|HS|  |TAMS 0x0000000083900000| PB 0x0000000083800000| Complete 
|  57|0x0000000083900000, 0x0000000083a00000, 0x0000000083a00000|100%|HS|  |TAMS 0x0000000083a00000| PB 0x0000000083900000| Complete 
|  58|0x0000000083a00000, 0x0000000083b00000, 0x0000000083b00000|100%|HS|  |TAMS 0x0000000083b00000| PB 0x0000000083a00000| Complete 
|  59|0x0000000083b00000, 0x0000000083c00000, 0x0000000083c00000|100%|HC|  |TAMS 0x0000000083c00000| PB 0x0000000083b00000| Complete 
|  60|0x0000000083c00000, 0x0000000083d00000, 0x0000000083d00000|100%| O|  |TAMS 0x0000000083d00000| PB 0x0000000083d00000| Untracked 
|  61|0x0000000083d00000, 0x0000000083e00000, 0x0000000083e00000|100%| O|  |TAMS 0x0000000083e00000| PB 0x0000000083e00000| Untracked 
|  62|0x0000000083e00000, 0x0000000083f00000, 0x0000000083f00000|100%| O|  |TAMS 0x0000000083f00000| PB 0x0000000083f00000| Untracked 
|  63|0x0000000083f00000, 0x0000000084000000, 0x0000000084000000|100%| O|  |TAMS 0x0000000084000000| PB 0x0000000084000000| Untracked 
|  64|0x0000000084000000, 0x0000000084100000, 0x0000000084100000|100%| O|  |TAMS 0x0000000084100000| PB 0x0000000084100000| Untracked 
|  65|0x0000000084100000, 0x0000000084200000, 0x0000000084200000|100%| O|  |TAMS 0x0000000084200000| PB 0x0000000084200000| Untracked 
|  66|0x0000000084200000, 0x0000000084300000, 0x0000000084300000|100%| O|  |TAMS 0x0000000084300000| PB 0x0000000084300000| Updating 
|  67|0x0000000084300000, 0x0000000084400000, 0x0000000084400000|100%| O|  |TAMS 0x0000000084400000| PB 0x0000000084400000| Untracked 
|  68|0x0000000084400000, 0x0000000084500000, 0x0000000084500000|100%| O|  |TAMS 0x0000000084500000| PB 0x0000000084500000| Untracked 
|  69|0x0000000084500000, 0x0000000084600000, 0x0000000084600000|100%| O|  |TAMS 0x0000000084600000| PB 0x0000000084600000| Untracked 
|  70|0x0000000084600000, 0x0000000084700000, 0x0000000084700000|100%| O|  |TAMS 0x0000000084700000| PB 0x0000000084700000| Untracked 
|  71|0x0000000084700000, 0x0000000084800000, 0x0000000084800000|100%|HS|  |TAMS 0x0000000084800000| PB 0x0000000084700000| Complete 
|  72|0x0000000084800000, 0x0000000084900000, 0x0000000084900000|100%| O|  |TAMS 0x0000000084900000| PB 0x0000000084900000| Updating 
|  73|0x0000000084900000, 0x0000000084a00000, 0x0000000084a00000|100%| O|  |TAMS 0x0000000084a00000| PB 0x0000000084a00000| Untracked 
|  74|0x0000000084a00000, 0x0000000084b00000, 0x0000000084b00000|100%| O|  |TAMS 0x0000000084b00000| PB 0x0000000084b00000| Untracked 
|  75|0x0000000084b00000, 0x0000000084c00000, 0x0000000084c00000|100%| O|  |TAMS 0x0000000084c00000| PB 0x0000000084c00000| Untracked 
|  76|0x0000000084c00000, 0x0000000084d00000, 0x0000000084d00000|100%| O|  |TAMS 0x0000000084d00000| PB 0x0000000084d00000| Untracked 
|  77|0x0000000084d00000, 0x0000000084e00000, 0x0000000084e00000|100%| O|  |TAMS 0x0000000084e00000| PB 0x0000000084e00000| Untracked 
|  78|0x0000000084e00000, 0x0000000084f00000, 0x0000000084f00000|100%| O|  |TAMS 0x0000000084f00000| PB 0x0000000084f00000| Untracked 
|  79|0x0000000084f00000, 0x0000000085000000, 0x0000000085000000|100%| O|  |TAMS 0x0000000085000000| PB 0x0000000085000000| Untracked 
|  80|0x0000000085000000, 0x0000000085100000, 0x0000000085100000|100%| O|  |TAMS 0x0000000085100000| PB 0x0000000085100000| Untracked 
|  81|0x0000000085100000, 0x0000000085200000, 0x0000000085200000|100%| O|  |TAMS 0x0000000085200000| PB 0x0000000085200000| Untracked 
|  82|0x0000000085200000, 0x0000000085300000, 0x0000000085300000|100%| O|  |TAMS 0x0000000085300000| PB 0x0000000085300000| Untracked 
|  83|0x0000000085300000, 0x0000000085400000, 0x0000000085400000|100%| O|  |TAMS 0x0000000085400000| PB 0x0000000085400000| Updating 
|  84|0x0000000085400000, 0x0000000085500000, 0x0000000085500000|100%| O|  |TAMS 0x0000000085500000| PB 0x0000000085500000| Untracked 
|  85|0x0000000085500000, 0x0000000085600000, 0x0000000085600000|100%| O|  |TAMS 0x0000000085600000| PB 0x0000000085600000| Untracked 
|  86|0x0000000085600000, 0x0000000085700000, 0x0000000085700000|100%| O|  |TAMS 0x0000000085700000| PB 0x0000000085700000| Untracked 
|  87|0x0000000085700000, 0x0000000085800000, 0x0000000085800000|100%| O|  |TAMS 0x0000000085800000| PB 0x0000000085800000| Untracked 
|  88|0x0000000085800000, 0x0000000085900000, 0x0000000085900000|100%| O|  |TAMS 0x0000000085900000| PB 0x0000000085900000| Untracked 
|  89|0x0000000085900000, 0x0000000085a00000, 0x0000000085a00000|100%| O|  |TAMS 0x0000000085a00000| PB 0x0000000085a00000| Untracked 
|  90|0x0000000085a00000, 0x0000000085b00000, 0x0000000085b00000|100%| O|  |TAMS 0x0000000085b00000| PB 0x0000000085b00000| Untracked 
|  91|0x0000000085b00000, 0x0000000085c00000, 0x0000000085c00000|100%| O|  |TAMS 0x0000000085c00000| PB 0x0000000085c00000| Untracked 
|  92|0x0000000085c00000, 0x0000000085d00000, 0x0000000085d00000|100%| O|  |TAMS 0x0000000085d00000| PB 0x0000000085d00000| Untracked 
|  93|0x0000000085d00000, 0x0000000085e00000, 0x0000000085e00000|100%| O|  |TAMS 0x0000000085e00000| PB 0x0000000085e00000| Untracked 
|  94|0x0000000085e00000, 0x0000000085f00000, 0x0000000085f00000|100%| O|  |TAMS 0x0000000085f00000| PB 0x0000000085f00000| Untracked 
|  95|0x0000000085f00000, 0x0000000086000000, 0x0000000086000000|100%| O|  |TAMS 0x0000000086000000| PB 0x0000000086000000| Untracked 
|  96|0x0000000086000000, 0x0000000086100000, 0x0000000086100000|100%| O|  |TAMS 0x0000000086100000| PB 0x0000000086100000| Untracked 
|  97|0x0000000086100000, 0x0000000086200000, 0x0000000086200000|100%| O|  |TAMS 0x0000000086200000| PB 0x0000000086200000| Updating 
|  98|0x0000000086200000, 0x0000000086300000, 0x0000000086300000|100%| O|  |TAMS 0x00000000862ba440| PB 0x00000000862ba440| Updating 
|  99|0x0000000086300000, 0x0000000086400000, 0x0000000086400000|100%| O|  |TAMS 0x0000000086400000| PB 0x0000000086400000| Updating 
| 100|0x0000000086400000, 0x0000000086500000, 0x0000000086500000|100%| O|  |TAMS 0x0000000086400000| PB 0x0000000086400000| Untracked 
| 101|0x0000000086500000, 0x0000000086600000, 0x0000000086600000|100%| O|  |TAMS 0x0000000086500000| PB 0x0000000086500000| Untracked 
| 102|0x0000000086600000, 0x0000000086700000, 0x0000000086700000|100%| O|  |TAMS 0x0000000086700000| PB 0x0000000086700000| Updating 
| 103|0x0000000086700000, 0x0000000086800000, 0x0000000086800000|100%| O|  |TAMS 0x0000000086800000| PB 0x0000000086800000| Updating 
| 104|0x0000000086800000, 0x0000000086900000, 0x0000000086900000|100%| O|  |TAMS 0x0000000086900000| PB 0x0000000086900000| Updating 
| 105|0x0000000086900000, 0x0000000086a00000, 0x0000000086a00000|100%| O|  |TAMS 0x0000000086900000| PB 0x0000000086900000| Untracked 
| 106|0x0000000086a00000, 0x0000000086b00000, 0x0000000086b00000|100%| O|  |TAMS 0x0000000086a00000| PB 0x0000000086a00000| Untracked 
| 107|0x0000000086b00000, 0x0000000086ba9390, 0x0000000086c00000| 66%| O|  |TAMS 0x0000000086b00000| PB 0x0000000086b00000| Updating 
| 108|0x0000000086c00000, 0x0000000086c00000, 0x0000000086d00000|  0%| F|  |TAMS 0x0000000086c00000| PB 0x0000000086c00000| Untracked 
| 109|0x0000000086d00000, 0x0000000086d00000, 0x0000000086e00000|  0%| F|  |TAMS 0x0000000086d00000| PB 0x0000000086d00000| Untracked 
| 110|0x0000000086e00000, 0x0000000086e00000, 0x0000000086f00000|  0%| F|  |TAMS 0x0000000086e00000| PB 0x0000000086e00000| Untracked 
| 111|0x0000000086f00000, 0x0000000086f00000, 0x0000000087000000|  0%| F|  |TAMS 0x0000000086f00000| PB 0x0000000086f00000| Untracked 
| 112|0x0000000087000000, 0x0000000087000000, 0x0000000087100000|  0%| F|  |TAMS 0x0000000087000000| PB 0x0000000087000000| Untracked 
| 113|0x0000000087100000, 0x0000000087100000, 0x0000000087200000|  0%| F|  |TAMS 0x0000000087100000| PB 0x0000000087100000| Untracked 
| 114|0x0000000087200000, 0x0000000087200000, 0x0000000087300000|  0%| F|  |TAMS 0x0000000087200000| PB 0x0000000087200000| Untracked 
| 115|0x0000000087300000, 0x0000000087300000, 0x0000000087400000|  0%| F|  |TAMS 0x0000000087300000| PB 0x0000000087300000| Untracked 
| 116|0x0000000087400000, 0x0000000087400000, 0x0000000087500000|  0%| F|  |TAMS 0x0000000087400000| PB 0x0000000087400000| Untracked 
| 117|0x0000000087500000, 0x0000000087500000, 0x0000000087600000|  0%| F|  |TAMS 0x0000000087500000| PB 0x0000000087500000| Untracked 
| 118|0x0000000087600000, 0x0000000087600000, 0x0000000087700000|  0%| F|  |TAMS 0x0000000087600000| PB 0x0000000087600000| Untracked 
| 119|0x0000000087700000, 0x0000000087700000, 0x0000000087800000|  0%| F|  |TAMS 0x0000000087700000| PB 0x0000000087700000| Untracked 
| 120|0x0000000087800000, 0x0000000087800000, 0x0000000087900000|  0%| F|  |TAMS 0x0000000087800000| PB 0x0000000087800000| Untracked 
| 121|0x0000000087900000, 0x0000000087900000, 0x0000000087a00000|  0%| F|  |TAMS 0x0000000087900000| PB 0x0000000087900000| Untracked 
| 122|0x0000000087a00000, 0x0000000087a00000, 0x0000000087b00000|  0%| F|  |TAMS 0x0000000087a00000| PB 0x0000000087a00000| Untracked 
| 123|0x0000000087b00000, 0x0000000087c00000, 0x0000000087c00000|100%| S|CS|TAMS 0x0000000087b00000| PB 0x0000000087b00000| Complete 
| 124|0x0000000087c00000, 0x0000000087d00000, 0x0000000087d00000|100%| S|CS|TAMS 0x0000000087c00000| PB 0x0000000087c00000| Complete 
| 125|0x0000000087d00000, 0x0000000087e00000, 0x0000000087e00000|100%| S|CS|TAMS 0x0000000087d00000| PB 0x0000000087d00000| Complete 
| 126|0x0000000087e00000, 0x0000000087f00000, 0x0000000087f00000|100%| S|CS|TAMS 0x0000000087e00000| PB 0x0000000087e00000| Complete 
| 127|0x0000000087f00000, 0x0000000087f00000, 0x0000000088000000|  0%| F|  |TAMS 0x0000000087f00000| PB 0x0000000087f00000| Untracked 
| 128|0x0000000088000000, 0x0000000088000000, 0x0000000088100000|  0%| F|  |TAMS 0x0000000088000000| PB 0x0000000088000000| Untracked 
| 129|0x0000000088100000, 0x0000000088100000, 0x0000000088200000|  0%| F|  |TAMS 0x0000000088100000| PB 0x0000000088100000| Untracked 
| 130|0x0000000088200000, 0x0000000088200000, 0x0000000088300000|  0%| F|  |TAMS 0x0000000088200000| PB 0x0000000088200000| Untracked 
| 131|0x0000000088300000, 0x0000000088300000, 0x0000000088400000|  0%| F|  |TAMS 0x0000000088300000| PB 0x0000000088300000| Untracked 
| 132|0x0000000088400000, 0x0000000088400000, 0x0000000088500000|  0%| F|  |TAMS 0x0000000088400000| PB 0x0000000088400000| Untracked 
| 133|0x0000000088500000, 0x0000000088500000, 0x0000000088600000|  0%| F|  |TAMS 0x0000000088500000| PB 0x0000000088500000| Untracked 
| 134|0x0000000088600000, 0x0000000088600000, 0x0000000088700000|  0%| F|  |TAMS 0x0000000088600000| PB 0x0000000088600000| Untracked 
| 135|0x0000000088700000, 0x0000000088700000, 0x0000000088800000|  0%| F|  |TAMS 0x0000000088700000| PB 0x0000000088700000| Untracked 
| 136|0x0000000088800000, 0x0000000088800000, 0x0000000088900000|  0%| F|  |TAMS 0x0000000088800000| PB 0x0000000088800000| Untracked 
| 137|0x0000000088900000, 0x0000000088900000, 0x0000000088a00000|  0%| F|  |TAMS 0x0000000088900000| PB 0x0000000088900000| Untracked 
| 138|0x0000000088a00000, 0x0000000088a00000, 0x0000000088b00000|  0%| F|  |TAMS 0x0000000088a00000| PB 0x0000000088a00000| Untracked 
| 139|0x0000000088b00000, 0x0000000088b00000, 0x0000000088c00000|  0%| F|  |TAMS 0x0000000088b00000| PB 0x0000000088b00000| Untracked 
| 140|0x0000000088c00000, 0x0000000088c00000, 0x0000000088d00000|  0%| F|  |TAMS 0x0000000088c00000| PB 0x0000000088c00000| Untracked 
| 141|0x0000000088d00000, 0x0000000088d00000, 0x0000000088e00000|  0%| F|  |TAMS 0x0000000088d00000| PB 0x0000000088d00000| Untracked 
| 142|0x0000000088e00000, 0x0000000088e00000, 0x0000000088f00000|  0%| F|  |TAMS 0x0000000088e00000| PB 0x0000000088e00000| Untracked 
| 143|0x0000000088f00000, 0x0000000088f00000, 0x0000000089000000|  0%| F|  |TAMS 0x0000000088f00000| PB 0x0000000088f00000| Untracked 
| 144|0x0000000089000000, 0x0000000089000000, 0x0000000089100000|  0%| F|  |TAMS 0x0000000089000000| PB 0x0000000089000000| Untracked 
| 145|0x0000000089100000, 0x0000000089100000, 0x0000000089200000|  0%| F|  |TAMS 0x0000000089100000| PB 0x0000000089100000| Untracked 
| 146|0x0000000089200000, 0x0000000089200000, 0x0000000089300000|  0%| F|  |TAMS 0x0000000089200000| PB 0x0000000089200000| Untracked 
| 147|0x0000000089300000, 0x0000000089300000, 0x0000000089400000|  0%| F|  |TAMS 0x0000000089300000| PB 0x0000000089300000| Untracked 
| 148|0x0000000089400000, 0x0000000089400000, 0x0000000089500000|  0%| F|  |TAMS 0x0000000089400000| PB 0x0000000089400000| Untracked 
| 149|0x0000000089500000, 0x0000000089500000, 0x0000000089600000|  0%| F|  |TAMS 0x0000000089500000| PB 0x0000000089500000| Untracked 
| 150|0x0000000089600000, 0x0000000089600000, 0x0000000089700000|  0%| F|  |TAMS 0x0000000089600000| PB 0x0000000089600000| Untracked 
| 151|0x0000000089700000, 0x0000000089700000, 0x0000000089800000|  0%| F|  |TAMS 0x0000000089700000| PB 0x0000000089700000| Untracked 
| 152|0x0000000089800000, 0x0000000089800000, 0x0000000089900000|  0%| F|  |TAMS 0x0000000089800000| PB 0x0000000089800000| Untracked 
| 153|0x0000000089900000, 0x0000000089900000, 0x0000000089a00000|  0%| F|  |TAMS 0x0000000089900000| PB 0x0000000089900000| Untracked 
| 154|0x0000000089a00000, 0x0000000089a00000, 0x0000000089b00000|  0%| F|  |TAMS 0x0000000089a00000| PB 0x0000000089a00000| Untracked 
| 155|0x0000000089b00000, 0x0000000089b00000, 0x0000000089c00000|  0%| F|  |TAMS 0x0000000089b00000| PB 0x0000000089b00000| Untracked 
| 156|0x0000000089c00000, 0x0000000089c00000, 0x0000000089d00000|  0%| F|  |TAMS 0x0000000089c00000| PB 0x0000000089c00000| Untracked 
| 157|0x0000000089d00000, 0x0000000089d00000, 0x0000000089e00000|  0%| F|  |TAMS 0x0000000089d00000| PB 0x0000000089d00000| Untracked 
| 158|0x0000000089e00000, 0x0000000089e00000, 0x0000000089f00000|  0%| F|  |TAMS 0x0000000089e00000| PB 0x0000000089e00000| Untracked 
| 159|0x0000000089f00000, 0x0000000089f00000, 0x000000008a000000|  0%| F|  |TAMS 0x0000000089f00000| PB 0x0000000089f00000| Untracked 
| 160|0x000000008a000000, 0x000000008a000000, 0x000000008a100000|  0%| F|  |TAMS 0x000000008a000000| PB 0x000000008a000000| Untracked 
| 161|0x000000008a100000, 0x000000008a100000, 0x000000008a200000|  0%| F|  |TAMS 0x000000008a100000| PB 0x000000008a100000| Untracked 
| 162|0x000000008a200000, 0x000000008a200000, 0x000000008a300000|  0%| F|  |TAMS 0x000000008a200000| PB 0x000000008a200000| Untracked 
| 163|0x000000008a300000, 0x000000008a300000, 0x000000008a400000|  0%| F|  |TAMS 0x000000008a300000| PB 0x000000008a300000| Untracked 
| 164|0x000000008a400000, 0x000000008a400000, 0x000000008a500000|  0%| F|  |TAMS 0x000000008a400000| PB 0x000000008a400000| Untracked 
| 165|0x000000008a500000, 0x000000008a500000, 0x000000008a600000|  0%| F|  |TAMS 0x000000008a500000| PB 0x000000008a500000| Untracked 
| 166|0x000000008a600000, 0x000000008a697500, 0x000000008a700000| 59%| E|  |TAMS 0x000000008a600000| PB 0x000000008a600000| Complete 
| 167|0x000000008a700000, 0x000000008a800000, 0x000000008a800000|100%| E|CS|TAMS 0x000000008a700000| PB 0x000000008a700000| Complete 
| 168|0x000000008a800000, 0x000000008a900000, 0x000000008a900000|100%| E|CS|TAMS 0x000000008a800000| PB 0x000000008a800000| Complete 
| 169|0x000000008a900000, 0x000000008aa00000, 0x000000008aa00000|100%| E|CS|TAMS 0x000000008a900000| PB 0x000000008a900000| Complete 
| 170|0x000000008aa00000, 0x000000008ab00000, 0x000000008ab00000|100%| E|CS|TAMS 0x000000008aa00000| PB 0x000000008aa00000| Complete 
| 171|0x000000008ab00000, 0x000000008ac00000, 0x000000008ac00000|100%| E|CS|TAMS 0x000000008ab00000| PB 0x000000008ab00000| Complete 
|2036|0x00000000ff400000, 0x00000000ff500000, 0x00000000ff500000|100%| E|CS|TAMS 0x00000000ff400000| PB 0x00000000ff400000| Complete 
|2037|0x00000000ff500000, 0x00000000ff600000, 0x00000000ff600000|100%| O|  |TAMS 0x00000000ff600000| PB 0x00000000ff600000| Untracked 
|2038|0x00000000ff600000, 0x00000000ff700000, 0x00000000ff700000|100%| E|CS|TAMS 0x00000000ff600000| PB 0x00000000ff600000| Complete 
|2039|0x00000000ff700000, 0x00000000ff800000, 0x00000000ff800000|100%| E|CS|TAMS 0x00000000ff700000| PB 0x00000000ff700000| Complete 
|2040|0x00000000ff800000, 0x00000000ff900000, 0x00000000ff900000|100%| O|  |TAMS 0x00000000ff900000| PB 0x00000000ff900000| Untracked 
|2041|0x00000000ff900000, 0x00000000ffa00000, 0x00000000ffa00000|100%| E|CS|TAMS 0x00000000ff900000| PB 0x00000000ff900000| Complete 
|2042|0x00000000ffa00000, 0x00000000ffb00000, 0x00000000ffb00000|100%| O|  |TAMS 0x00000000ffb00000| PB 0x00000000ffb00000| Untracked 
|2043|0x00000000ffb00000, 0x00000000ffc00000, 0x00000000ffc00000|100%| O|  |TAMS 0x00000000ffc00000| PB 0x00000000ffc00000| Updating 
|2044|0x00000000ffc00000, 0x00000000ffd00000, 0x00000000ffd00000|100%| O|  |TAMS 0x00000000ffd00000| PB 0x00000000ffd00000| Untracked 
|2045|0x00000000ffd00000, 0x00000000ffe00000, 0x00000000ffe00000|100%| O|  |TAMS 0x00000000ffe00000| PB 0x00000000ffe00000| Untracked 
|2046|0x00000000ffe00000, 0x00000000fff00000, 0x00000000fff00000|100%| O|  |TAMS 0x00000000fff00000| PB 0x00000000fff00000| Untracked 
|2047|0x00000000fff00000, 0x0000000100000000, 0x0000000100000000|100%| E|CS|TAMS 0x00000000fff00000| PB 0x00000000fff00000| Complete 

Card table byte_map: [0x000001e8a5af0000,0x000001e8a5ef0000] _byte_map_base: 0x000001e8a56f0000

Marking Bits: (CMBitMap*) 0x000001e8935e39b0
 Bits: [0x000001e8a5ef0000, 0x000001e8a7ef0000)

Polling page: 0x000001e892d50000

Metaspace:

Usage:
  Non-class:    102.86 MB used.
      Class:     16.73 MB used.
       Both:    119.59 MB used.

Virtual space:
  Non-class space:      128.00 MB reserved,     104.06 MB ( 81%) committed,  2 nodes.
      Class space:        1.00 GB reserved,      17.81 MB (  2%) committed,  1 nodes.
             Both:        1.12 GB reserved,     121.88 MB ( 11%) committed. 

Chunk freelists:
   Non-Class:  7.30 MB
       Class:  14.14 MB
        Both:  21.44 MB

MaxMetaspaceSize: unlimited
CompressedClassSpaceSize: 1.00 GB
Initial GC threshold: 21.00 MB
Current GC threshold: 190.31 MB
CDS: off
 - commit_granule_bytes: 65536.
 - commit_granule_words: 8192.
 - virtual_space_node_default_size: 8388608.
 - enlarge_chunks_in_place: 1.
 - use_allocation_guard: 0.


Internal statistics:

num_allocs_failed_limit: 9.
num_arena_births: 4692.
num_arena_deaths: 0.
num_vsnodes_births: 3.
num_vsnodes_deaths: 0.
num_space_committed: 1948.
num_space_uncommitted: 0.
num_chunks_returned_to_freelist: 9.
num_chunks_taken_from_freelist: 10025.
num_chunk_merges: 6.
num_chunk_splits: 6525.
num_chunks_enlarged: 4092.
num_inconsistent_stats: 0.

CodeHeap 'non-profiled nmethods': size=120000Kb used=7357Kb max_used=7417Kb free=112643Kb
 bounds [0x000001e89e1c0000, 0x000001e89e900000, 0x000001e8a56f0000]
CodeHeap 'profiled nmethods': size=120000Kb used=23012Kb max_used=23549Kb free=96987Kb
 bounds [0x000001e8966f0000, 0x000001e897df0000, 0x000001e89dc20000]
CodeHeap 'non-nmethods': size=5760Kb used=2243Kb max_used=2270Kb free=3516Kb
 bounds [0x000001e89dc20000, 0x000001e89de90000, 0x000001e89e1c0000]
CodeCache: size=245760Kb, used=32612Kb, max_used=33236Kb, free=213146Kb
 total_blobs=13032, nmethods=12125, adapters=810, full_count=0
Compilation: enabled, stopped_count=0, restarted_count=0

Compilation events (20 events):
Event: 32.564 Thread 0x000001e8aa5d0560 14247       3       jdk.internal.reflect.Label::add (23 bytes)
Event: 32.564 Thread 0x000001e8aa5d0560 nmethod 14247 0x000001e897ded590 code [0x000001e897ded760, 0x000001e897dedab0]
Event: 32.564 Thread 0x000001e8aa5d0560 14250       3       jdk.internal.reflect.ClassFileAssembler::opc_athrow (12 bytes)
Event: 32.564 Thread 0x000001e8aa5d0560 nmethod 14250 0x000001e897dedc10 code [0x000001e897dedde0, 0x000001e897dee098]
Event: 32.564 Thread 0x000001e8aa5d0560 14251       3       jdk.internal.reflect.ClassFileAssembler::append (9 bytes)
Event: 32.565 Thread 0x000001e8aa5d0560 nmethod 14251 0x000001e897dee210 code [0x000001e897dee420, 0x000001e897dee920]
Event: 32.565 Thread 0x000001e8aa5d0560 14248       3       jdk.internal.reflect.Label$PatchInfo::<init> (26 bytes)
Event: 32.565 Thread 0x000001e8aa5d0560 nmethod 14248 0x000001e897deec90 code [0x000001e897deee40, 0x000001e897def010]
Event: 32.565 Thread 0x000001e8aa5d0560 14249       3       jdk.internal.reflect.ClassFileAssembler::opc_dup (11 bytes)
Event: 32.565 Thread 0x000001e8aa5d0560 nmethod 14249 0x000001e897def110 code [0x000001e897def2e0, 0x000001e897def5e0]
Event: 32.565 Thread 0x000001e8aa5d0560 14252       1       jdk.internal.reflect.ByteVectorImpl::getData (5 bytes)
Event: 32.565 Thread 0x000001e8aa5d0560 nmethod 14252 0x000001e89e8fd610 code [0x000001e89e8fd7a0, 0x000001e89e8fd868]
Event: 32.565 Thread 0x000001e8aa5d0560 14253       1       java.lang.reflect.Constructor::getSlot (5 bytes)
Event: 32.565 Thread 0x000001e8aa5d0560 nmethod 14253 0x000001e89e8fd910 code [0x000001e89e8fdaa0, 0x000001e89e8fdb68]
Event: 32.565 Thread 0x000001e8aa5d0560 14254       1       java.lang.reflect.Constructor::getRawAnnotations (5 bytes)
Event: 32.565 Thread 0x000001e8aa5d0560 nmethod 14254 0x000001e89e8fdc10 code [0x000001e89e8fdda0, 0x000001e89e8fde68]
Event: 32.565 Thread 0x000001e8aa5d0560 14255       1       java.lang.reflect.Constructor::getRawParameterAnnotations (5 bytes)
Event: 32.565 Thread 0x000001e8aa5d0560 nmethod 14255 0x000001e89e8fdf10 code [0x000001e89e8fe0a0, 0x000001e89e8fe168]
Event: 32.565 Thread 0x000001e8aa5cbc60 nmethod 14243 0x000001e89e8fe210 code [0x000001e89e8fe3c0, 0x000001e89e8fe5f0]
Event: 32.565 Thread 0x000001e8aa5cbc60 14242       4       java.io.ObjectOutputStream$BlockDataOutputStream::setBlockDataMode (35 bytes)

GC Heap History (20 events):
Event: 19.891 GC heap before
{Heap before GC invocations=34 (full 0):
 garbage-first heap   total 138240K, used 121851K [0x0000000080000000, 0x0000000100000000)
  region size 1024K, 42 young (43008K), 3 survivors (3072K)
 Metaspace       used 95469K, committed 97600K, reserved 1179648K
  class space    used 13261K, committed 14272K, reserved 1048576K
}
Event: 19.900 GC heap after
{Heap after GC invocations=35 (full 0):
 garbage-first heap   total 165888K, used 84682K [0x0000000080000000, 0x0000000100000000)
  region size 1024K, 5 young (5120K), 5 survivors (5120K)
 Metaspace       used 95469K, committed 97600K, reserved 1179648K
  class space    used 13261K, committed 14272K, reserved 1048576K
}
Event: 21.664 GC heap before
{Heap before GC invocations=36 (full 0):
 garbage-first heap   total 165888K, used 142026K [0x0000000080000000, 0x0000000100000000)
  region size 1024K, 61 young (62464K), 5 survivors (5120K)
 Metaspace       used 99311K, committed 101504K, reserved 1179648K
  class space    used 13918K, committed 14976K, reserved 1048576K
}
Event: 21.681 GC heap after
{Heap after GC invocations=37 (full 0):
 garbage-first heap   total 165888K, used 86430K [0x0000000080000000, 0x0000000100000000)
  region size 1024K, 6 young (6144K), 6 survivors (6144K)
 Metaspace       used 99311K, committed 101504K, reserved 1179648K
  class space    used 13918K, committed 14976K, reserved 1048576K
}
Event: 23.250 GC heap before
{Heap before GC invocations=37 (full 0):
 garbage-first heap   total 165888K, used 149918K [0x0000000080000000, 0x0000000100000000)
  region size 1024K, 68 young (69632K), 6 survivors (6144K)
 Metaspace       used 103721K, committed 105920K, reserved 1179648K
  class space    used 14650K, committed 15744K, reserved 1048576K
}
Event: 23.264 GC heap after
{Heap after GC invocations=38 (full 0):
 garbage-first heap   total 165888K, used 88471K [0x0000000080000000, 0x0000000100000000)
  region size 1024K, 6 young (6144K), 6 survivors (6144K)
 Metaspace       used 103721K, committed 105920K, reserved 1179648K
  class space    used 14650K, committed 15744K, reserved 1048576K
}
Event: 24.199 GC heap before
{Heap before GC invocations=38 (full 0):
 garbage-first heap   total 165888K, used 151959K [0x0000000080000000, 0x0000000100000000)
  region size 1024K, 68 young (69632K), 6 survivors (6144K)
 Metaspace       used 108223K, committed 110464K, reserved 1179648K
  class space    used 15346K, committed 16448K, reserved 1048576K
}
Event: 24.216 GC heap after
{Heap after GC invocations=39 (full 0):
 garbage-first heap   total 165888K, used 91805K [0x0000000080000000, 0x0000000100000000)
  region size 1024K, 8 young (8192K), 8 survivors (8192K)
 Metaspace       used 108223K, committed 110464K, reserved 1179648K
  class space    used 15346K, committed 16448K, reserved 1048576K
}
Event: 25.416 GC heap before
{Heap before GC invocations=40 (full 0):
 garbage-first heap   total 165888K, used 152221K [0x0000000080000000, 0x0000000100000000)
  region size 1024K, 67 young (68608K), 8 survivors (8192K)
 Metaspace       used 112712K, committed 114944K, reserved 1179648K
  class space    used 16009K, committed 17088K, reserved 1048576K
}
Event: 25.429 GC heap after
{Heap after GC invocations=41 (full 0):
 garbage-first heap   total 165888K, used 94592K [0x0000000080000000, 0x0000000100000000)
  region size 1024K, 6 young (6144K), 6 survivors (6144K)
 Metaspace       used 112712K, committed 114944K, reserved 1179648K
  class space    used 16009K, committed 17088K, reserved 1048576K
}
Event: 26.623 GC heap before
{Heap before GC invocations=41 (full 0):
 garbage-first heap   total 165888K, used 153984K [0x0000000080000000, 0x0000000100000000)
  region size 1024K, 64 young (65536K), 6 survivors (6144K)
 Metaspace       used 113909K, committed 116224K, reserved 1179648K
  class space    used 16161K, committed 17280K, reserved 1048576K
}
Event: 26.640 GC heap after
{Heap after GC invocations=42 (full 0):
 garbage-first heap   total 171008K, used 103424K [0x0000000080000000, 0x0000000100000000)
  region size 1024K, 8 young (8192K), 8 survivors (8192K)
 Metaspace       used 113909K, committed 116224K, reserved 1179648K
  class space    used 16161K, committed 17280K, reserved 1048576K
}
Event: 26.704 GC heap before
{Heap before GC invocations=42 (full 0):
 garbage-first heap   total 171008K, used 110592K [0x0000000080000000, 0x0000000100000000)
  region size 1024K, 16 young (16384K), 8 survivors (8192K)
 Metaspace       used 113963K, committed 116288K, reserved 1179648K
  class space    used 16167K, committed 17280K, reserved 1048576K
}
Event: 26.714 GC heap after
{Heap after GC invocations=43 (full 0):
 garbage-first heap   total 171008K, used 106930K [0x0000000080000000, 0x0000000100000000)
  region size 1024K, 3 young (3072K), 3 survivors (3072K)
 Metaspace       used 113963K, committed 116288K, reserved 1179648K
  class space    used 16167K, committed 17280K, reserved 1048576K
}
Event: 28.726 GC heap before
{Heap before GC invocations=44 (full 0):
 garbage-first heap   total 188416K, used 162226K [0x0000000080000000, 0x0000000100000000)
  region size 1024K, 48 young (49152K), 3 survivors (3072K)
 Metaspace       used 118863K, committed 121216K, reserved 1179648K
  class space    used 16705K, committed 17856K, reserved 1048576K
}
Event: 28.754 GC heap after
{Heap after GC invocations=45 (full 0):
 garbage-first heap   total 188416K, used 113424K [0x0000000080000000, 0x0000000100000000)
  region size 1024K, 6 young (6144K), 6 survivors (6144K)
 Metaspace       used 118863K, committed 121216K, reserved 1179648K
  class space    used 16705K, committed 17856K, reserved 1048576K
}
Event: 31.049 GC heap before
{Heap before GC invocations=45 (full 0):
 garbage-first heap   total 188416K, used 164624K [0x0000000080000000, 0x0000000100000000)
  region size 1024K, 57 young (58368K), 6 survivors (6144K)
 Metaspace       used 119280K, committed 121600K, reserved 1179648K
  class space    used 16741K, committed 17856K, reserved 1048576K
}
Event: 31.065 GC heap after
{Heap after GC invocations=46 (full 0):
 garbage-first heap   total 188416K, used 117245K [0x0000000080000000, 0x0000000100000000)
  region size 1024K, 5 young (5120K), 5 survivors (5120K)
 Metaspace       used 119280K, committed 121600K, reserved 1179648K
  class space    used 16741K, committed 17856K, reserved 1048576K
}
Event: 32.369 GC heap before
{Heap before GC invocations=46 (full 0):
 garbage-first heap   total 188416K, used 167421K [0x0000000080000000, 0x0000000100000000)
  region size 1024K, 55 young (56320K), 5 survivors (5120K)
 Metaspace       used 121609K, committed 123968K, reserved 1179648K
  class space    used 17038K, committed 18176K, reserved 1048576K
}
Event: 32.379 GC heap after
{Heap after GC invocations=47 (full 0):
 garbage-first heap   total 188416K, used 121508K [0x0000000080000000, 0x0000000100000000)
  region size 1024K, 4 young (4096K), 4 survivors (4096K)
 Metaspace       used 121609K, committed 123968K, reserved 1179648K
  class space    used 17038K, committed 18176K, reserved 1048576K
}

Dll operation events (3 events):
Event: 0.012 Loaded shared library C:\Program Files\Android\Android Studio\jbr\bin\java.dll
Event: 0.016 Loaded shared library C:\Program Files\Android\Android Studio\jbr\bin\zip.dll
Event: 0.890 Loaded shared library C:\Program Files\Android\Android Studio\jbr\bin\verify.dll

Deoptimization events (20 events):
Event: 32.457 Thread 0x000001e8b3c02380 Uncommon trap: trap_request=0xffffffc6 fr.pc=0x000001e89e34e428 relative=0x0000000000000928
Event: 32.457 Thread 0x000001e8b3c02380 Uncommon trap: reason=bimorphic_or_optimized_type_check action=maybe_recompile pc=0x000001e89e34e428 method=java.lang.Throwable.<init>(Ljava/lang/String;Ljava/lang/Throwable;)V @ 24 c2
Event: 32.457 Thread 0x000001e8b3c02380 DEOPT PACKING pc=0x000001e89e34e428 sp=0x000000c3537f9fe0
Event: 32.457 Thread 0x000001e8b3c02380 DEOPT UNPACKING pc=0x000001e89dc77aa2 sp=0x000000c3537f9fa8 mode 2
Event: 32.464 Thread 0x000001e8b3c02380 Uncommon trap: trap_request=0xffffffc6 fr.pc=0x000001e89e34e428 relative=0x0000000000000928
Event: 32.464 Thread 0x000001e8b3c02380 Uncommon trap: reason=bimorphic_or_optimized_type_check action=maybe_recompile pc=0x000001e89e34e428 method=java.lang.Throwable.<init>(Ljava/lang/String;Ljava/lang/Throwable;)V @ 24 c2
Event: 32.464 Thread 0x000001e8b3c02380 DEOPT PACKING pc=0x000001e89e34e428 sp=0x000000c3537f9fe0
Event: 32.464 Thread 0x000001e8b3c02380 DEOPT UNPACKING pc=0x000001e89dc77aa2 sp=0x000000c3537f9fa8 mode 2
Event: 32.472 Thread 0x000001e8b3c02380 Uncommon trap: trap_request=0xffffffc6 fr.pc=0x000001e89e34e428 relative=0x0000000000000928
Event: 32.472 Thread 0x000001e8b3c02380 Uncommon trap: reason=bimorphic_or_optimized_type_check action=maybe_recompile pc=0x000001e89e34e428 method=java.lang.Throwable.<init>(Ljava/lang/String;Ljava/lang/Throwable;)V @ 24 c2
Event: 32.472 Thread 0x000001e8b3c02380 DEOPT PACKING pc=0x000001e89e34e428 sp=0x000000c3537f9fe0
Event: 32.472 Thread 0x000001e8b3c02380 DEOPT UNPACKING pc=0x000001e89dc77aa2 sp=0x000000c3537f9fa8 mode 2
Event: 32.525 Thread 0x000001e8b3c02380 Uncommon trap: trap_request=0xffffff45 fr.pc=0x000001e89e75c8e0 relative=0x0000000000000e40
Event: 32.525 Thread 0x000001e8b3c02380 Uncommon trap: reason=unstable_if action=reinterpret pc=0x000001e89e75c8e0 method=sun.nio.fs.WindowsPathParser.normalize(Ljava/lang/StringBuilder;Ljava/lang/String;I)Ljava/lang/String; @ 53 c2
Event: 32.525 Thread 0x000001e8b3c02380 DEOPT PACKING pc=0x000001e89e75c8e0 sp=0x000000c3537f9860
Event: 32.525 Thread 0x000001e8b3c02380 DEOPT UNPACKING pc=0x000001e89dc77aa2 sp=0x000000c3537f9848 mode 2
Event: 32.529 Thread 0x000001e8b1f15300 Uncommon trap: trap_request=0xffffff45 fr.pc=0x000001e89e8ad834 relative=0x0000000000000e94
Event: 32.529 Thread 0x000001e8b1f15300 Uncommon trap: reason=unstable_if action=reinterpret pc=0x000001e89e8ad834 method=org.gradle.internal.file.FileHierarchySet$Node.contains(Ljava/lang/String;I)Z @ 69 c2
Event: 32.529 Thread 0x000001e8b1f15300 DEOPT PACKING pc=0x000001e89e8ad834 sp=0x000000c3525ff0a0
Event: 32.529 Thread 0x000001e8b1f15300 DEOPT UNPACKING pc=0x000001e89dc77aa2 sp=0x000000c3525ff018 mode 2

Classes loaded (20 events):
Event: 27.731 Loading class java/time/Clock$SystemClock
Event: 27.756 Loading class java/time/Clock$SystemClock done
Event: 27.990 Loading class java/time/Instant$1
Event: 27.990 Loading class java/time/Instant$1 done
Event: 28.574 Loading class java/io/CharArrayWriter
Event: 28.575 Loading class java/io/CharArrayWriter done
Event: 28.597 Loading class java/io/SequenceInputStream
Event: 28.597 Loading class java/io/SequenceInputStream done
Event: 28.613 Loading class java/util/function/IntUnaryOperator
Event: 28.613 Loading class java/util/function/IntUnaryOperator done
Event: 30.998 Loading class java/nio/file/FileTreeWalker$1
Event: 30.998 Loading class java/nio/file/FileTreeWalker$1 done
Event: 31.955 Loading class java/util/function/BooleanSupplier
Event: 31.956 Loading class java/util/function/BooleanSupplier done
Event: 32.024 Loading class java/lang/reflect/Executable$ParameterData
Event: 32.024 Loading class java/lang/reflect/Executable$ParameterData done
Event: 32.327 Loading class java/io/NotSerializableException
Event: 32.327 Loading class java/io/NotSerializableException done
Event: 32.524 Loading class java/nio/file/TempFileHelper
Event: 32.525 Loading class java/nio/file/TempFileHelper done

Classes unloaded (0 events):
No events

Classes redefined (0 events):
No events

Internal exceptions (20 events):
Event: 32.524 Thread 0x000001e8b3c02380 Exception <a 'sun/nio/fs/WindowsException'{0x000000008a941c20}> (0x000000008a941c20) 
thrown [s\src\hotspot\share\prims\jni.cpp, line 537]
Event: 32.529 Thread 0x000001e8b3c02380 Exception <a 'sun/nio/fs/WindowsException'{0x000000008a96d548}> (0x000000008a96d548) 
thrown [s\src\hotspot\share\prims\jni.cpp, line 537]
Event: 32.531 Thread 0x000001e8b3c02380 Exception <a 'sun/nio/fs/WindowsException'{0x000000008a986228}> (0x000000008a986228) 
thrown [s\src\hotspot\share\prims\jni.cpp, line 537]
Event: 32.531 Thread 0x000001e8b3c02380 Exception <a 'sun/nio/fs/WindowsException'{0x000000008a990a38}> (0x000000008a990a38) 
thrown [s\src\hotspot\share\prims\jni.cpp, line 537]
Event: 32.537 Thread 0x000001e8b3c02380 Exception <a 'sun/nio/fs/WindowsException'{0x000000008a9e2710}> (0x000000008a9e2710) 
thrown [s\src\hotspot\share\prims\jni.cpp, line 537]
Event: 32.537 Thread 0x000001e8b3c02380 Exception <a 'sun/nio/fs/WindowsException'{0x000000008a9f5c20}> (0x000000008a9f5c20) 
thrown [s\src\hotspot\share\prims\jni.cpp, line 537]
Event: 32.538 Thread 0x000001e8b3c02380 Exception <a 'sun/nio/fs/WindowsException'{0x000000008a8061e0}> (0x000000008a8061e0) 
thrown [s\src\hotspot\share\prims\jni.cpp, line 537]
Event: 32.543 Thread 0x000001e8b3c02380 Exception <a 'sun/nio/fs/WindowsException'{0x000000008a865228}> (0x000000008a865228) 
thrown [s\src\hotspot\share\prims\jni.cpp, line 537]
Event: 32.550 Thread 0x000001e8b3c02380 Exception <a 'java/lang/NoSuchMethodError'{0x000000008a8ee560}: static Lorg/jetbrains/kotlin/buildtools/api/SourcesChanges$Known;.<clinit>()V> (0x000000008a8ee560) 
thrown [s\src\hotspot\share\prims\jni.cpp, line 1144]
Event: 32.552 Thread 0x000001e8b3c02380 Exception <a 'java/lang/NoSuchMethodError'{0x000000008a739f50}: static Lorg/jetbrains/kotlin/incremental/ClasspathChanges$ClasspathSnapshotEnabled$IncrementalRun$NoChanges;.<clinit>()V> (0x000000008a739f50) 
thrown [s\src\hotspot\share\prims\jni.cpp, line 1144]
Event: 32.552 Thread 0x000001e8b3c02380 Exception <a 'java/lang/NoSuchMethodError'{0x000000008a73bf28}: static Lorg/jetbrains/kotlin/incremental/ClasspathChanges$ClasspathSnapshotEnabled$IncrementalRun;.<clinit>()V> (0x000000008a73bf28) 
thrown [s\src\hotspot\share\prims\jni.cpp, line 1144]
Event: 32.552 Thread 0x000001e8b3c02380 Exception <a 'java/lang/NoSuchMethodError'{0x000000008a73da50}: static Lorg/jetbrains/kotlin/incremental/ClasspathChanges$ClasspathSnapshotEnabled;.<clinit>()V> (0x000000008a73da50) 
thrown [s\src\hotspot\share\prims\jni.cpp, line 1144]
Event: 32.552 Thread 0x000001e8b3c02380 Exception <a 'java/lang/NoSuchMethodError'{0x000000008a73f8a0}: static Lorg/jetbrains/kotlin/incremental/ClasspathChanges;.<clinit>()V> (0x000000008a73f8a0) 
thrown [s\src\hotspot\share\prims\jni.cpp, line 1144]
Event: 32.554 Thread 0x000001e8b3c02380 Exception <a 'sun/nio/fs/WindowsException'{0x000000008a785968}> (0x000000008a785968) 
thrown [s\src\hotspot\share\prims\jni.cpp, line 537]
Event: 32.555 Thread 0x000001e8b3c02380 Exception <a 'sun/nio/fs/WindowsException'{0x000000008a796760}> (0x000000008a796760) 
thrown [s\src\hotspot\share\prims\jni.cpp, line 537]
Event: 32.556 Thread 0x000001e8b3c02380 Exception <a 'sun/nio/fs/WindowsException'{0x000000008a7a8dc8}> (0x000000008a7a8dc8) 
thrown [s\src\hotspot\share\prims\jni.cpp, line 537]
Event: 32.558 Thread 0x000001e8b3c02380 Exception <a 'sun/nio/fs/WindowsException'{0x000000008a7d4a40}> (0x000000008a7d4a40) 
thrown [s\src\hotspot\share\prims\jni.cpp, line 537]
Event: 32.559 Thread 0x000001e8b3c02380 Exception <a 'sun/nio/fs/WindowsException'{0x000000008a7eedd8}> (0x000000008a7eedd8) 
thrown [s\src\hotspot\share\prims\jni.cpp, line 537]
Event: 32.561 Thread 0x000001e8b3c02380 Exception <a 'java/lang/NoSuchMethodError'{0x000000008a610ee8}: static Lorg/jetbrains/kotlin/gradle/report/GradleBuildMetricsReporter;.<clinit>()V> (0x000000008a610ee8) 
thrown [s\src\hotspot\share\prims\jni.cpp, line 1144]
Event: 32.561 Thread 0x000001e8b3c02380 Exception <a 'java/lang/NoSuchMethodError'{0x000000008a613978}: static Lorg/jetbrains/kotlin/build/report/metrics/BuildMetricsReporterImpl;.<clinit>()V> (0x000000008a613978) 
thrown [s\src\hotspot\share\prims\jni.cpp, line 1144]

ZGC Phase Switch (0 events):
No events

VM Operations (20 events):
Event: 30.997 Executing non-safepoint VM operation: HandshakeAllThreads (Deoptimize) done
Event: 31.023 Executing non-safepoint VM operation: HandshakeAllThreads (Deoptimize)
Event: 31.023 Executing non-safepoint VM operation: HandshakeAllThreads (Deoptimize) done
Event: 31.031 Executing non-safepoint VM operation: HandshakeAllThreads (Deoptimize)
Event: 31.031 Executing non-safepoint VM operation: HandshakeAllThreads (Deoptimize) done
Event: 31.040 Executing non-safepoint VM operation: HandshakeAllThreads (Deoptimize)
Event: 31.041 Executing non-safepoint VM operation: HandshakeAllThreads (Deoptimize) done
Event: 31.046 Executing non-safepoint VM operation: HandshakeAllThreads (Deoptimize)
Event: 31.046 Executing non-safepoint VM operation: HandshakeAllThreads (Deoptimize) done
Event: 31.049 Executing safepoint VM operation: G1CollectForAllocation (G1 Evacuation Pause)
Event: 31.065 Executing safepoint VM operation: G1CollectForAllocation (G1 Evacuation Pause) done
Event: 31.587 Executing non-safepoint VM operation: HandshakeAllThreads (Deoptimize)
Event: 31.587 Executing non-safepoint VM operation: HandshakeAllThreads (Deoptimize) done
Event: 31.682 Executing safepoint VM operation: ICBufferFull
Event: 31.682 Executing safepoint VM operation: ICBufferFull done
Event: 32.218 Executing safepoint VM operation: ICBufferFull
Event: 32.218 Executing safepoint VM operation: ICBufferFull done
Event: 32.369 Executing safepoint VM operation: G1CollectForAllocation (G1 Evacuation Pause)
Event: 32.379 Executing safepoint VM operation: G1CollectForAllocation (G1 Evacuation Pause) done
Event: 32.566 Executing safepoint VM operation: G1PauseRemark

Memory protections (0 events):
No events

Nmethod flushes (20 events):
Event: 32.573 Thread 0x000001e8aa3e00e0 flushing  nmethod 0x000001e896e26910
Event: 32.573 Thread 0x000001e8aa3e00e0 flushing  nmethod 0x000001e896f52590
Event: 32.573 Thread 0x000001e8aa3e00e0 flushing  nmethod 0x000001e896f54210
Event: 32.573 Thread 0x000001e8aa3e00e0 flushing  nmethod 0x000001e896fdd510
Event: 32.573 Thread 0x000001e8aa3e00e0 flushing  nmethod 0x000001e896fe2910
Event: 32.573 Thread 0x000001e8aa3e00e0 flushing  nmethod 0x000001e89700e210
Event: 32.573 Thread 0x000001e8aa3e00e0 flushing  nmethod 0x000001e897039890
Event: 32.573 Thread 0x000001e8aa3e00e0 flushing  nmethod 0x000001e8970fa490
Event: 32.573 Thread 0x000001e8aa3e00e0 flushing  nmethod 0x000001e89713b390
Event: 32.573 Thread 0x000001e8aa3e00e0 flushing  nmethod 0x000001e89713da90
Event: 32.573 Thread 0x000001e8aa3e00e0 flushing  nmethod 0x000001e897414290
Event: 32.573 Thread 0x000001e8aa3e00e0 flushing  nmethod 0x000001e8976a7310
Event: 32.573 Thread 0x000001e8aa3e00e0 flushing  nmethod 0x000001e897733d90
Event: 32.573 Thread 0x000001e8aa3e00e0 flushing  nmethod 0x000001e897769290
Event: 32.573 Thread 0x000001e8aa3e00e0 flushing  nmethod 0x000001e89778fc10
Event: 32.573 Thread 0x000001e8aa3e00e0 flushing  nmethod 0x000001e897790690
Event: 32.573 Thread 0x000001e8aa3e00e0 flushing  nmethod 0x000001e897793090
Event: 32.573 Thread 0x000001e8aa3e00e0 flushing  nmethod 0x000001e897793510
Event: 32.573 Thread 0x000001e8aa3e00e0 flushing  nmethod 0x000001e897793a10
Event: 32.573 Thread 0x000001e8aa3e00e0 flushing  nmethod 0x000001e897840790

Events (20 events):
Event: 8.782 Thread 0x000001e8aa5d0560 Thread added: 0x000001e8b215c630
Event: 10.104 Thread 0x000001e8b215c630 Thread exited: 0x000001e8b215c630
Event: 10.398 Thread 0x000001e8aa5d0560 Thread added: 0x000001e8b215d3d0
Event: 12.335 Thread 0x000001e8b215d3d0 Thread exited: 0x000001e8b215d3d0
Event: 12.663 Thread 0x000001e8aa5d0560 Thread added: 0x000001e8b215c630
Event: 13.603 Thread 0x000001e8b215c630 Thread exited: 0x000001e8b215c630
Event: 14.823 Thread 0x000001e8b14abe00 Thread added: 0x000001e8b2c097c0
Event: 15.310 Thread 0x000001e8b14abe00 Thread added: 0x000001e8b2c0c5b0
Event: 16.170 Thread 0x000001e8aa5d0560 Thread added: 0x000001e8b44c3d10
Event: 16.378 Thread 0x000001e8b44c3d10 Thread exited: 0x000001e8b44c3d10
Event: 16.802 Thread 0x000001e8b14abe00 Thread added: 0x000001e8b2c0bf20
Event: 17.229 Thread 0x000001e8aa5d0560 Thread added: 0x000001e8b44c8ed0
Event: 19.236 Thread 0x000001e8b44c8ed0 Thread exited: 0x000001e8b44c8ed0
Event: 27.307 Thread 0x000001e8b14abe00 Thread added: 0x000001e8b3c002b0
Event: 27.308 Thread 0x000001e8b14abe00 Thread added: 0x000001e8b3c00940
Event: 27.401 Thread 0x000001e8b14abe00 Thread added: 0x000001e8b3c01660
Event: 27.414 Thread 0x000001e8b3c01660 Thread added: 0x000001e8b3c02380
Event: 27.414 Thread 0x000001e8b3c01660 Thread added: 0x000001e8b3c02a10
Event: 27.414 Thread 0x000001e8b3c01660 Thread added: 0x000001e8b3c03730
Event: 27.440 Thread 0x000001e8b3c01660 Thread added: 0x000001e8b2c07060


Dynamic libraries:
0x00007ff7a6a00000 - 0x00007ff7a6a0a000 	C:\Program Files\Android\Android Studio\jbr\bin\java.exe
0x00007ffb50410000 - 0x00007ffb50628000 	C:\Windows\SYSTEM32\ntdll.dll
0x00007ffb4f2b0000 - 0x00007ffb4f374000 	C:\Windows\System32\KERNEL32.DLL
0x00007ffb4d7b0000 - 0x00007ffb4db83000 	C:\Windows\System32\KERNELBASE.dll
0x00007ffb4d550000 - 0x00007ffb4d661000 	C:\Windows\System32\ucrtbase.dll
0x00007ffb49660000 - 0x00007ffb4967b000 	C:\Program Files\Android\Android Studio\jbr\bin\VCRUNTIME140.dll
0x00007ffb49640000 - 0x00007ffb49658000 	C:\Program Files\Android\Android Studio\jbr\bin\jli.dll
0x00007ffb4f0d0000 - 0x00007ffb4f282000 	C:\Windows\System32\USER32.dll
0x00007ffb4e080000 - 0x00007ffb4e0a6000 	C:\Windows\System32\win32u.dll
0x00007ffb3d0c0000 - 0x00007ffb3d35c000 	C:\Windows\WinSxS\amd64_microsoft.windows.common-controls_6595b64144ccf1df_6.0.22621.6060_none_2712eda17382d24b\COMCTL32.dll
0x00007ffb4ec80000 - 0x00007ffb4eca9000 	C:\Windows\System32\GDI32.dll
0x00007ffb4df60000 - 0x00007ffb4e07b000 	C:\Windows\System32\gdi32full.dll
0x00007ffb4ebd0000 - 0x00007ffb4ec77000 	C:\Windows\System32\msvcrt.dll
0x00007ffb4dd00000 - 0x00007ffb4dd9a000 	C:\Windows\System32\msvcp_win.dll
0x00007ffb4e0b0000 - 0x00007ffb4e0e1000 	C:\Windows\System32\IMM32.DLL
0x00007ffb490c0000 - 0x00007ffb490cc000 	C:\Program Files\Android\Android Studio\jbr\bin\vcruntime140_1.dll
0x00007ffb1bee0000 - 0x00007ffb1bf6d000 	C:\Program Files\Android\Android Studio\jbr\bin\msvcp140.dll
0x00007ffabd280000 - 0x00007ffabdf16000 	C:\Program Files\Android\Android Studio\jbr\bin\server\jvm.dll
0x00007ffb4fc60000 - 0x00007ffb4fd11000 	C:\Windows\System32\ADVAPI32.dll
0x00007ffb4fb50000 - 0x00007ffb4fbf8000 	C:\Windows\System32\sechost.dll
0x00007ffb4d520000 - 0x00007ffb4d548000 	C:\Windows\System32\bcrypt.dll
0x00007ffb4e200000 - 0x00007ffb4e318000 	C:\Windows\System32\RPCRT4.dll
0x00007ffb501a0000 - 0x00007ffb50211000 	C:\Windows\System32\WS2_32.dll
0x00007ffb4c330000 - 0x00007ffb4c37d000 	C:\Windows\SYSTEM32\POWRPROF.dll
0x00007ffb43760000 - 0x00007ffb4376a000 	C:\Windows\SYSTEM32\VERSION.dll
0x00007ffb44770000 - 0x00007ffb447a4000 	C:\Windows\SYSTEM32\WINMM.dll
0x00007ffb4c310000 - 0x00007ffb4c323000 	C:\Windows\SYSTEM32\UMPDC.dll
0x00007ffb4c5b0000 - 0x00007ffb4c5c8000 	C:\Windows\SYSTEM32\kernel.appcore.dll
0x00007ffb48df0000 - 0x00007ffb48dfa000 	C:\Program Files\Android\Android Studio\jbr\bin\jimage.dll
0x00007ffb4ab90000 - 0x00007ffb4adc3000 	C:\Windows\SYSTEM32\DBGHELP.DLL
0x00007ffb4ecb0000 - 0x00007ffb4f041000 	C:\Windows\System32\combase.dll
0x00007ffb500b0000 - 0x00007ffb50188000 	C:\Windows\System32\OLEAUT32.dll
0x00007ffb2aea0000 - 0x00007ffb2aed2000 	C:\Windows\SYSTEM32\dbgcore.DLL
0x00007ffb4dee0000 - 0x00007ffb4df5b000 	C:\Windows\System32\bcryptPrimitives.dll
0x00007ffb49740000 - 0x00007ffb4974e000 	C:\Program Files\Android\Android Studio\jbr\bin\instrument.dll
0x00007ffb48dd0000 - 0x00007ffb48df0000 	C:\Program Files\Android\Android Studio\jbr\bin\java.dll
0x00007ffb44750000 - 0x00007ffb44768000 	C:\Program Files\Android\Android Studio\jbr\bin\zip.dll
0x00007ffb4e330000 - 0x00007ffb4ebcc000 	C:\Windows\System32\SHELL32.dll
0x00007ffb4d670000 - 0x00007ffb4d7af000 	C:\Windows\System32\wintypes.dll
0x00007ffb4b3e0000 - 0x00007ffb4bcfa000 	C:\Windows\SYSTEM32\windows.storage.dll
0x00007ffb4f970000 - 0x00007ffb4fa74000 	C:\Windows\System32\SHCORE.dll
0x00007ffb4fd20000 - 0x00007ffb4fd89000 	C:\Windows\System32\shlwapi.dll
0x00007ffb4d450000 - 0x00007ffb4d475000 	C:\Windows\SYSTEM32\profapi.dll
0x00007ffb48dc0000 - 0x00007ffb48dd0000 	C:\Program Files\Android\Android Studio\jbr\bin\net.dll
0x00007ffb48ef0000 - 0x00007ffb4901c000 	C:\Windows\SYSTEM32\WINHTTP.dll
0x00007ffb4ca90000 - 0x00007ffb4caf9000 	C:\Windows\system32\mswsock.dll
0x00007ffb3fe50000 - 0x00007ffb3fe66000 	C:\Program Files\Android\Android Studio\jbr\bin\nio.dll
0x00007ffb49630000 - 0x00007ffb49640000 	C:\Program Files\Android\Android Studio\jbr\bin\verify.dll
0x00007ffb47270000 - 0x00007ffb47297000 	C:\Users\prave\.gradle\native\660c5614fbf4a5f2a75b1949f50a0caf5cd603558e7d8a26e50b933a0cfb79d1\windows-amd64\native-platform.dll
0x00007ffb1b3c0000 - 0x00007ffb1b437000 	C:\Users\prave\.gradle\native\0.2.8\x86_64-windows-gnu\gradle-fileevents.dll
0x00007ffb47260000 - 0x00007ffb47269000 	C:\Program Files\Android\Android Studio\jbr\bin\management.dll
0x00007ffb47200000 - 0x00007ffb4720b000 	C:\Program Files\Android\Android Studio\jbr\bin\management_ext.dll
0x00007ffb4e320000 - 0x00007ffb4e328000 	C:\Windows\System32\PSAPI.DLL
0x00007ffb4bfd0000 - 0x00007ffb4bffd000 	C:\Windows\SYSTEM32\IPHLPAPI.DLL
0x00007ffb4fa90000 - 0x00007ffb4fa99000 	C:\Windows\System32\NSI.dll
0x00007ffb489d0000 - 0x00007ffb489d9000 	C:\Program Files\Android\Android Studio\jbr\bin\extnet.dll
0x00007ffb4cd20000 - 0x00007ffb4cd3b000 	C:\Windows\SYSTEM32\CRYPTSP.dll
0x00007ffb4c510000 - 0x00007ffb4c547000 	C:\Windows\system32\rsaenh.dll
0x00007ffb4cba0000 - 0x00007ffb4cbc8000 	C:\Windows\SYSTEM32\USERENV.dll
0x00007ffb4cd40000 - 0x00007ffb4cd4c000 	C:\Windows\SYSTEM32\CRYPTBASE.dll
0x00007ffb40210000 - 0x00007ffb40218000 	C:\Windows\system32\wshunix.dll

JVMTI agents:
C:\Users\prave\.gradle\wrapper\dists\gradle-9.4.1-bin\arn2x92ynaizyzdaamcbpbhtj\gradle-9.4.1\lib\agents\gradle-instrumentation-agent-9.4.1.jar path:C:\Program Files\Android\Android Studio\jbr\bin\instrument.dll, loaded, initialized, instrumentlib options:none

dbghelp: loaded successfully - version: 4.0.5 - missing functions: none
symbol engine: initialized successfully - sym options: 0x614 - pdb path: .;C:\Program Files\Android\Android Studio\jbr\bin;C:\Windows\SYSTEM32;C:\Windows\WinSxS\amd64_microsoft.windows.common-controls_6595b64144ccf1df_6.0.22621.6060_none_2712eda17382d24b;C:\Program Files\Android\Android Studio\jbr\bin\server;C:\Users\prave\.gradle\native\660c5614fbf4a5f2a75b1949f50a0caf5cd603558e7d8a26e50b933a0cfb79d1\windows-amd64;C:\Users\prave\.gradle\native\0.2.8\x86_64-windows-gnu

VM Arguments:
jvm_args: --add-opens=java.base/java.lang=ALL-UNNAMED --add-opens=java.base/java.lang.invoke=ALL-UNNAMED --add-opens=java.base/java.util=ALL-UNNAMED --add-opens=java.prefs/java.util.prefs=ALL-UNNAMED --add-exports=jdk.compiler/com.sun.tools.javac.api=ALL-UNNAMED --add-exports=jdk.compiler/com.sun.tools.javac.util=ALL-UNNAMED --add-opens=java.base/java.util=ALL-UNNAMED --add-opens=java.prefs/java.util.prefs=ALL-UNNAMED --add-opens=java.base/java.nio.charset=ALL-UNNAMED --add-opens=java.base/java.net=ALL-UNNAMED --add-opens=java.base/java.util.concurrent=ALL-UNNAMED --add-opens=java.base/java.util.concurrent.atomic=ALL-UNNAMED --add-opens=java.xml/javax.xml.namespace=ALL-UNNAMED --add-opens=java.base/java.time=ALL-UNNAMED -Xmx2048m -Dfile.encoding=UTF-8 -Duser.country=IN -Duser.language=en -Duser.variant -javaagent:C:\Users\prave\.gradle\wrapper\dists\gradle-9.4.1-bin\arn2x92ynaizyzdaamcbpbhtj\gradle-9.4.1\lib\agents\gradle-instrumentation-agent-9.4.1.jar 
java_command: org.gradle.launcher.daemon.bootstrap.GradleDaemon 9.4.1
java_class_path (initial): C:\Users\prave\.gradle\wrapper\dists\gradle-9.4.1-bin\arn2x92ynaizyzdaamcbpbhtj\gradle-9.4.1\lib\gradle-daemon-main-9.4.1.jar
Launcher Type: SUN_STANDARD

[Global flags]
     intx CICompilerCount                          = 3                                         {product} {ergonomic}
     uint ConcGCThreads                            = 1                                         {product} {ergonomic}
     uint G1ConcRefinementThreads                  = 4                                         {product} {ergonomic}
   size_t G1HeapRegionSize                         = 1048576                                   {product} {ergonomic}
    uintx GCDrainStackTargetSize                   = 64                                        {product} {ergonomic}
   size_t InitialHeapSize                          = 130023424                                 {product} {ergonomic}
   size_t MarkStackSize                            = 4194304                                   {product} {ergonomic}
   size_t MaxHeapSize                              = 2147483648                                {product} {command line}
   size_t MaxNewSize                               = 1287651328                                {product} {ergonomic}
   size_t MinHeapDeltaBytes                        = 1048576                                   {product} {ergonomic}
   size_t MinHeapSize                              = 8388608                                   {product} {ergonomic}
    uintx NonNMethodCodeHeapSize                   = 5832780                                {pd product} {ergonomic}
    uintx NonProfiledCodeHeapSize                  = 122912730                              {pd product} {ergonomic}
    uintx ProfiledCodeHeapSize                     = 122912730                              {pd product} {ergonomic}
    uintx ReservedCodeCacheSize                    = 251658240                              {pd product} {ergonomic}
     bool SegmentedCodeCache                       = true                                      {product} {ergonomic}
   size_t SoftMaxHeapSize                          = 2147483648                             {manageable} {ergonomic}
     bool UseCompressedOops                        = true                           {product lp64_product} {ergonomic}
     bool UseG1GC                                  = true                                      {product} {ergonomic}
     bool UseLargePagesIndividualAllocation        = false                                  {pd product} {ergonomic}

Logging:
Log output configuration:
 #0: stdout all=warning uptime,level,tags foldmultilines=false
 #1: stderr all=off uptime,level,tags foldmultilines=false

Release file:
JAVA_VERSION="21.0.10" 
MODULES="java.base java.compiler java.datatransfer java.xml java.prefs java.desktop java.instrument java.logging java.management java.security.sasl java.naming java.rmi java.management.rmi java.net.http java.scripting java.security.jgss java.transaction.xa java.sql java.sql.rowset java.xml.crypto java.se java.smartcardio jdk.accessibility jdk.internal.jvmstat jdk.attach jdk.charsets jdk.internal.opt jdk.zipfs jdk.compiler jdk.crypto.ec jdk.crypto.cryptoki jdk.dynalink jdk.hotspot.agent jdk.httpserver jdk.internal.ed jdk.internal.le jdk.internal.vm.ci jdk.jartool jdk.javadoc jdk.jcmd jdk.jdeps jdk.jdwp.agent jdk.jdi jdk.jfr jdk.jlink jdk.jsobject jdk.localedata jdk.management jdk.management.agent jdk.management.jfr jdk.naming.dns jdk.naming.rmi jdk.net jdk.sctp jdk.security.auth jdk.security.jgss jdk.unsupported jdk.unsupported.desktop jdk.xml.dom" 
IMPLEMENTOR="JetBrains s.r.o." 
JAVA_RUNTIME_VERSION="21.0.10+-14961533-b1163.108" 
LIBC="default" 
OS_ARCH="x86_64" 
OS_NAME="Windows" 
SOURCE=".:git:1351622c2ff2" 

Environment Variables:
PATH=C:\Program Files\Python312\Scripts\;C:\Program Files\Python312\;C:\Windows\system32;C:\Windows;C:\Windows\System32\Wbem;C:\Windows\System32\WindowsPowerShell\v1.0\;C:\Windows\System32\OpenSSH\;C:\Program Files\dotnet\;C:\Program Files\IBM\SPSS\Statistics\23\JRE\bin;C:\Program Files\nodejs\;C:\ProgramData\chocolatey\bin;C:\Users\prave\AppData\Local\Programs\Python\Python314\Scripts\;C:\Users\prave\AppData\Local\Programs\Python\Python314\;C:\altera\91sp2\modelsim_ase\win32aloem;C:\altera\91sp2\modelsim_ase\modelsim_ase\win32aloem;C:\Users\prave\AppData\Local\Microsoft\WindowsApps;;C:\Users\prave\AppData\Local\Programs\Microsoft VS Code\bin;C:\Modeltech_pe_edu_10.3a\win32pe_edu;C:\Users\prave\AppData\Roaming\npm;C:\Users\prave\AppData\Local\Programs\Antigravity\bin
USERNAME=prave
OS=Windows_NT
PROCESSOR_IDENTIFIER=Intel64 Family 6 Model 140 Stepping 1, GenuineIntel
TMP=C:\Users\prave\AppData\Local\Temp
TEMP=C:\Users\prave\AppData\Local\Temp




Periodic native trim disabled

JNI global refs:
JNI global refs: 26, weak refs: 0

JNI global refs memory usage: 835, weak refs: 833

Process memory usage:
Resident Set Size: 494240K (6% of 8121124K total physical memory with 280420K free physical memory)

OOME stack traces (most recent first):
Classloader memory used:
Loader org.gradle.internal.classloader.VisitableURLClassLoader                         : 47157K
Loader org.gradle.internal.classloader.VisitableURLClassLoader$InstrumentingVisitableURLClassLoader: 32138K
Loader bootstrap                                                                       : 28793K
Loader org.gradle.initialization.MixInLegacyTypesClassLoader                           : 13230K
Loader jdk.internal.reflect.DelegatingClassLoader                                      : 434K
Loader org.gradle.internal.classloader.VisitableURLClassLoader                         : 217K
Loader jdk.internal.loader.ClassLoaders$AppClassLoader                                 : 192K
Loader jdk.internal.loader.ClassLoaders$PlatformClassLoader                            : 169K
Loader org.gradle.groovy.scripts.internal.DefaultScriptCompilationHandler$ScriptClassLoader: 127K

Classes loaded by more than one classloader:
Class Program                                                                         : loaded 5 times (x 72B)
Class Build_gradle                                                                    : loaded 3 times (x 126B)
Class com.google.common.collect.RegularImmutableMap$KeySet                            : loaded 2 times (x 152B)
Class org.gradle.internal.classloader.FilteringClassLoader                            : loaded 2 times (x 105B)
Class com.google.common.base.CharMatcher$IsEither                                     : loaded 2 times (x 111B)
Class org.gradle.internal.classloader.ClassLoaderHierarchy                            : loaded 2 times (x 70B)
Class com.google.common.collect.ImmutableEnumSet                                      : loaded 2 times (x 146B)
Class com.google.common.util.concurrent.ExecutionError                                : loaded 2 times (x 82B)
Class com.google.common.collect.ImmutableList$1                                       : loaded 2 times (x 97B)
Class com.google.common.collect.RegularImmutableMap                                   : loaded 2 times (x 121B)
Class com.google.common.collect.ImmutableMap$MapViewOfValuesAsSingletonSets           : loaded 2 times (x 126B)
Class [Lorg.objectweb.asm.Symbol;                                                     : loaded 2 times (x 69B)
Class org.objectweb.asm.ClassVisitor                                                  : loaded 2 times (x 88B)
Class com.google.common.collect.UnmodifiableListIterator                              : loaded 2 times (x 95B)
Class com.google.common.base.Platform$JdkPatternCompiler                              : loaded 2 times (x 75B)
Class org.objectweb.asm.MethodTooLargeException                                       : loaded 2 times (x 83B)
Class [Lcom.google.common.cache.CacheBuilder$OneWeigher;                              : loaded 2 times (x 69B)
Class com.google.common.base.Suppliers                                                : loaded 2 times (x 71B)
Class org.gradle.internal.classloader.DefaultClassLoaderFactory                       : loaded 2 times (x 82B)
Class [Lcom.google.common.collect.ImmutableMapEntry;                                  : loaded 2 times (x 69B)
Class ijKotlinCoroutineJvmDebugInit1_ehvpe6xtk4q77b1m75r6vg650$_run_closure1$_closure2: loaded 2 times (x 139B)
Class com.google.common.collect.ListMultimap                                          : loaded 2 times (x 70B)
Class com.google.common.collect.ImmutableEnumMap                                      : loaded 2 times (x 126B)
Class com.google.common.collect.Sets$1                                                : loaded 2 times (x 139B)
Class org.objectweb.asm.AnnotationVisitor                                             : loaded 2 times (x 78B)
Class org.gradle.api.internal.DefaultClassPathProvider                                : loaded 2 times (x 76B)
Class com.google.common.collect.Sets$2                                                : loaded 2 times (x 139B)
Class [Lorg.gradle.api.internal.ClassPathProvider;                                    : loaded 2 times (x 69B)
Class org.gradle.api.internal.ClassPathProvider                                       : loaded 2 times (x 70B)
Class [Lorg.objectweb.asm.AnnotationVisitor;                                          : loaded 2 times (x 69B)
Class com.google.common.collect.Sets$3                                                : loaded 2 times (x 139B)
Class com.google.common.cache.LocalCache$LocalLoadingCache                            : loaded 2 times (x 134B)
Class org.gradle.internal.service.UnknownServiceException                             : loaded 2 times (x 83B)
Class com.google.common.collect.Sets$4                                                : loaded 2 times (x 139B)
Class org.objectweb.asm.ModuleVisitor                                                 : loaded 2 times (x 81B)
Class com.google.common.cache.LocalCache$Strength$1                                   : loaded 2 times (x 81B)
Class com.google.common.util.concurrent.SettableFuture                                : loaded 2 times (x 114B)
Class com.google.common.cache.LocalCache$Strength$2                                   : loaded 2 times (x 81B)
Class ijKotlinCoroutineJvmDebugInit1_ehvpe6xtk4q77b1m75r6vg650$_run_closure1          : loaded 2 times (x 139B)
Class com.google.common.cache.LocalCache$Strength$3                                   : loaded 2 times (x 81B)
Class com.google.common.collect.MapDifference                                         : loaded 2 times (x 70B)
Class org.objectweb.asm.FieldWriter                                                   : loaded 2 times (x 78B)
Class com.google.common.cache.CacheBuilder$NullListener                               : loaded 2 times (x 82B)
Class org.gradle.internal.classpath.TransformedClassPath                              : loaded 2 times (x 96B)
Class org.gradle.internal.classloader.InstrumentingClassLoader                        : loaded 2 times (x 70B)
Class com.google.common.cache.CacheLoader$FunctionToCacheLoader                       : loaded 2 times (x 75B)
Class com.google.common.collect.Iterators$ArrayItr                                    : loaded 2 times (x 97B)
Class com.google.common.collect.ImmutableCollection$Builder                           : loaded 2 times (x 76B)
Class com.google.common.base.Joiner                                                   : loaded 2 times (x 79B)
Class com.google.common.base.MoreObjects                                              : loaded 2 times (x 71B)
Class com.google.common.collect.Platform                                              : loaded 2 times (x 71B)
Class com.google.common.base.Equivalence$Identity                                     : loaded 2 times (x 82B)
Class com.google.common.collect.UnmodifiableIterator                                  : loaded 2 times (x 80B)
Class org.gradle.internal.service.ServiceLocator                                      : loaded 2 times (x 70B)
Class com.google.common.base.Ascii                                                    : loaded 2 times (x 71B)
Class com.google.common.collect.SingletonImmutableBiMap                               : loaded 2 times (x 143B)
Class com.google.common.cache.LocalCache$1                                            : loaded 2 times (x 89B)
Class com.google.common.collect.Iterators$SingletonIterator                           : loaded 2 times (x 81B)
Class com.google.common.collect.AbstractMapEntry                                      : loaded 2 times (x 81B)
Class com.google.common.collect.Sets$ImprovedAbstractSet                              : loaded 2 times (x 135B)
Class com.google.common.collect.ImmutableList$Builder                                 : loaded 2 times (x 77B)
Class com.google.common.collect.AbstractMultimap                                      : loaded 2 times (x 123B)
Class com.google.common.cache.LocalCache$2                                            : loaded 2 times (x 142B)
Class com.google.common.collect.RegularImmutableAsList                                : loaded 2 times (x 217B)
Class com.google.common.util.concurrent.AbstractFuture$Trusted                        : loaded 2 times (x 70B)
Class com.google.common.collect.Iterators                                             : loaded 2 times (x 71B)
Class com.google.common.collect.Lists$StringAsImmutableList                           : loaded 2 times (x 207B)
Class com.google.common.util.concurrent.UncheckedExecutionException                   : loaded 2 times (x 82B)
Class org.gradle.kotlin.dsl.VersionCatalogAccessorsKt                                 : loaded 2 times (x 71B)
Class com.google.common.collect.AbstractMapBasedMultimap$KeySet$1                     : loaded 2 times (x 82B)
Class org.objectweb.asm.ClassWriter                                                   : loaded 2 times (x 106B)
Class com.google.common.base.CharMatcher$And                                          : loaded 2 times (x 112B)
Class com.google.common.cache.CacheLoader$UnsupportedLoadingOperationException        : loaded 2 times (x 82B)
Class com.google.common.base.Objects                                                  : loaded 2 times (x 71B)
Class org.objectweb.asm.FieldVisitor                                                  : loaded 2 times (x 77B)
Class com.google.common.collect.IndexedImmutableSet                                   : loaded 2 times (x 152B)
Class com.google.common.collect.ImmutableMap$1                                        : loaded 2 times (x 81B)
Class com.google.common.collect.BiMap                                                 : loaded 2 times (x 70B)
Class org.gradle.api.internal.classpath.DefaultModuleRegistry$DefaultModule           : loaded 2 times (x 82B)
Class com.google.common.primitives.Ints                                               : loaded 2 times (x 71B)
Class com.google.common.collect.AbstractIterator                                      : loaded 2 times (x 82B)
Class com.google.common.collect.ObjectArrays                                          : loaded 2 times (x 71B)
Class com.google.common.math.MathPreconditions                                        : loaded 2 times (x 71B)
Class com.google.common.collect.Multiset                                              : loaded 2 times (x 70B)
Class com.google.common.collect.ArrayListMultimapGwtSerializationDependencies         : loaded 2 times (x 172B)
Class com.google.common.collect.AbstractIndexedListIterator                           : loaded 2 times (x 96B)
Class com.google.common.collect.ImmutableMapEntrySet                                  : loaded 2 times (x 152B)
Class org.gradle.api.internal.classpath.Module                                        : loaded 2 times (x 70B)
Class com.google.common.cache.Weigher                                                 : loaded 2 times (x 70B)
Class org.gradle.api.internal.classpath.UnknownModuleException                        : loaded 2 times (x 82B)
Class com.google.common.base.Stopwatch                                                : loaded 2 times (x 72B)
Class com.google.common.cache.LocalCache$Strength                                     : loaded 2 times (x 81B)
Class com.google.common.cache.Cache                                                   : loaded 2 times (x 70B)
Class com.google.common.util.concurrent.AbstractFuture$Cancellation                   : loaded 2 times (x 72B)
Class com.google.common.collect.ImmutableMap$Builder                                  : loaded 2 times (x 82B)
Class com.google.common.cache.RemovalListener                                         : loaded 2 times (x 70B)
Class org.gradle.api.internal.DefaultClassPathRegistry                                : loaded 2 times (x 76B)
Class com.google.common.primitives.IntsMethodsForWeb                                  : loaded 2 times (x 71B)
Class com.google.common.collect.Multimap                                              : loaded 2 times (x 70B)
Class org.gradle.internal.classpath.DefaultClassPath$ImmutableUniqueList              : loaded 2 times (x 199B)
Class org.gradle.api.internal.ClassPathRegistry                                       : loaded 2 times (x 70B)
Class com.google.common.base.ExtraObjectsMethodsForWeb                                : loaded 2 times (x 71B)
Class [Lorg.objectweb.asm.Type;                                                       : loaded 2 times (x 69B)
Class com.google.common.cache.CacheBuilder                                            : loaded 2 times (x 72B)
Class com.google.common.collect.SingletonImmutableList                                : loaded 2 times (x 207B)
Class Settings_gradle$1                                                               : loaded 2 times (x 74B)
Class org.gradle.internal.classpath.ClassPath                                         : loaded 2 times (x 70B)
Class com.google.common.base.JdkPattern                                               : loaded 2 times (x 75B)
Class com.google.common.collect.ImmutableList$ReverseImmutableList                    : loaded 2 times (x 209B)
Class org.objectweb.asm.SymbolTable$Entry                                             : loaded 2 times (x 74B)
Class org.gradle.api.internal.classpath.DefaultModuleRegistry$DefaultModuleAlias      : loaded 2 times (x 80B)
Class org.objectweb.asm.Edge                                                          : loaded 2 times (x 72B)
Class com.google.common.base.Suppliers$SupplierOfInstance                             : loaded 2 times (x 79B)
Class com.google.common.collect.Iterators$1                                           : loaded 2 times (x 81B)
Class com.google.common.cache.LocalCache$ComputingValueReference                      : loaded 2 times (x 96B)
Class com.google.common.collect.SingletonImmutableSet                                 : loaded 2 times (x 146B)
Class com.google.common.collect.ImmutableMap$IteratorBasedImmutableMap                : loaded 2 times (x 126B)
Class com.google.common.cache.LocalCache$Segment                                      : loaded 2 times (x 154B)
Class com.google.common.collect.AbstractListMultimap                                  : loaded 2 times (x 172B)
Class [Lorg.objectweb.asm.SymbolTable$Entry;                                          : loaded 2 times (x 69B)
Class com.google.common.cache.CacheLoader                                             : loaded 2 times (x 74B)
Class com.google.common.collect.Iterators$4                                           : loaded 2 times (x 82B)
Class com.google.common.collect.ImmutableBiMap                                        : loaded 2 times (x 143B)
Class org.gradle.api.internal.classpath.ModuleRegistry                                : loaded 2 times (x 70B)
Class org.gradle.internal.installation.GradleInstallation$1                           : loaded 2 times (x 75B)
Class com.google.common.collect.ImmutableSet$JdkBackedSetBuilderImpl                  : loaded 2 times (x 76B)
Class com.google.common.util.concurrent.internal.InternalFutureFailureAccess          : loaded 2 times (x 72B)
Class com.google.common.collect.Iterators$5                                           : loaded 2 times (x 82B)
Class com.google.common.base.CharMatcher$ForPredicate                                 : loaded 2 times (x 112B)
Class com.google.common.cache.LocalCache$LocalManualCache$1                           : loaded 2 times (x 75B)
Class com.google.common.base.CharMatcher$AnyOf                                        : loaded 2 times (x 112B)
Class com.google.common.collect.ImmutableCollection                                   : loaded 2 times (x 125B)
Class org.gradle.api.internal.classpath.DefaultModuleRegistry                         : loaded 2 times (x 84B)
Class com.google.common.collect.Lists                                                 : loaded 2 times (x 71B)
Class com.google.common.util.concurrent.ListenableFuture                              : loaded 2 times (x 70B)
Class com.google.common.cache.ReferenceEntry                                          : loaded 2 times (x 70B)
Class com.google.common.base.Converter                                                : loaded 2 times (x 90B)
Class com.google.common.collect.ImmutableSet$CachingAsList                            : loaded 2 times (x 148B)
Class com.google.common.collect.AbstractMapBasedMultimap                              : loaded 2 times (x 139B)
Class com.google.common.util.concurrent.AbstractFuture                                : loaded 2 times (x 106B)
Class com.google.common.base.FunctionalEquivalence                                    : loaded 2 times (x 83B)
Class com.google.common.collect.Iterators$9                                           : loaded 2 times (x 81B)
Class com.google.common.collect.ImmutableAsList                                       : loaded 2 times (x 209B)
Class ijJvmDebugger1_c7taw3lrjo1eoziqqyouhqjk8$_run_closure1                          : loaded 2 times (x 139B)
Class org.objectweb.asm.RecordComponentVisitor                                        : loaded 2 times (x 77B)
Class com.google.common.cache.CacheLoader$SupplierToCacheLoader                       : loaded 2 times (x 75B)
Class ijKotlinCoroutineJvmDebugInit1_ehvpe6xtk4q77b1m75r6vg650                        : loaded 2 times (x 171B)
Class org.gradle.internal.service.ServiceLookupException                              : loaded 2 times (x 82B)
Class [Lcom.google.common.cache.LocalCache$EntryFactory;                              : loaded 2 times (x 69B)
Class org.gradle.internal.classloader.ClassLoaderFactory                              : loaded 2 times (x 70B)
Class com.google.common.base.CommonPattern                                            : loaded 2 times (x 74B)
Class com.google.common.base.CharMatcher$IsNot                                        : loaded 2 times (x 111B)
Class com.google.common.cache.LocalCache$LocalManualCache                             : loaded 2 times (x 99B)
Class org.gradle.internal.service.CachingServiceLocator                               : loaded 2 times (x 82B)
Class com.google.common.collect.AbstractMapBasedMultimap$KeySet                       : loaded 2 times (x 137B)
Class com.google.common.math.IntMath                                                  : loaded 2 times (x 71B)
Class com.google.common.collect.ImmutableMapEntry                                     : loaded 2 times (x 85B)
Class com.google.common.base.Equivalence                                              : loaded 2 times (x 82B)
Class com.google.common.base.Function                                                 : loaded 2 times (x 70B)
Class com.google.common.collect.ImmutableMapEntry$NonTerminalImmutableMapEntry        : loaded 2 times (x 85B)
Class ijJvmDebugger1_c7taw3lrjo1eoziqqyouhqjk8                                        : loaded 2 times (x 171B)
Class com.google.common.collect.IndexedImmutableSet$1                                 : loaded 2 times (x 213B)
Class com.google.common.cache.CacheBuilder$OneWeigher                                 : loaded 2 times (x 82B)
Class com.google.common.collect.RegularImmutableList                                  : loaded 2 times (x 213B)
Class org.gradle.internal.classloader.ClasspathUtil                                   : loaded 2 times (x 71B)
Class com.google.common.util.concurrent.Uninterruptibles                              : loaded 2 times (x 71B)
Class com.google.common.util.concurrent.LazyLogger                                    : loaded 2 times (x 72B)
Class com.google.common.collect.Maps                                                  : loaded 2 times (x 71B)
Class org.gradle.api.specs.Spec                                                       : loaded 2 times (x 70B)
Class [Lcom.google.common.collect.ImmutableEntry;                                     : loaded 2 times (x 69B)
Class com.google.common.cache.LocalCache$LoadingValueReference                        : loaded 2 times (x 96B)
Class com.google.common.base.Platform                                                 : loaded 2 times (x 71B)
Class [Lorg.objectweb.asm.AnnotationWriter;                                           : loaded 2 times (x 69B)
Class com.google.common.collect.Maps$8                                                : loaded 2 times (x 82B)
Class com.google.common.collect.Sets$SetView                                          : loaded 2 times (x 138B)
Class com.google.common.cache.LocalCache$StrongValueReference                         : loaded 2 times (x 90B)
Class org.objectweb.asm.Type                                                          : loaded 2 times (x 72B)
Class org.gradle.internal.classloader.VisitableURLClassLoader$InstrumentingVisitableURLClassLoader: loaded 2 times (x 123B)
Class com.google.common.math.IntMath$1                                                : loaded 2 times (x 71B)
Class org.objectweb.asm.ByteVector                                                    : loaded 2 times (x 79B)
Class [Lcom.google.common.cache.CacheBuilder$NullListener;                            : loaded 2 times (x 69B)
Class org.gradle.internal.classloader.VisitableURLClassLoader$Spec                    : loaded 2 times (x 74B)
Class org.gradle.internal.classpath.DefaultClassPath                                  : loaded 2 times (x 90B)
Class org.objectweb.asm.Symbol                                                        : loaded 2 times (x 73B)
Class com.google.common.base.CharMatcher$BitSetMatcher                                : loaded 2 times (x 112B)
Class com.google.common.collect.RegularImmutableMap$Values                            : loaded 2 times (x 207B)
Class com.google.common.collect.ImmutableSet                                          : loaded 2 times (x 145B)
Class org.gradle.internal.classloader.ClassLoaderSpec                                 : loaded 2 times (x 71B)
Class org.objectweb.asm.AnnotationWriter                                              : loaded 2 times (x 79B)
Class com.google.common.cache.CacheStats                                              : loaded 2 times (x 71B)
Class org.objectweb.asm.RecordComponentWriter                                         : loaded 2 times (x 78B)
Class com.google.common.util.concurrent.AbstractFuture$Listener                       : loaded 2 times (x 72B)
Class com.google.common.base.CharMatcher$Or                                           : loaded 2 times (x 112B)
Class Settings_gradle$1$1                                                             : loaded 2 times (x 74B)
Class org.gradle.api.internal.classpath.Module$ModuleAlias                            : loaded 2 times (x 70B)
Class org.objectweb.asm.Attribute                                                     : loaded 2 times (x 77B)
Class com.google.common.base.Supplier                                                 : loaded 2 times (x 70B)
Class org.gradle.internal.classloader.VisitableURLClassLoader                         : loaded 2 times (x 117B)
Class Settings_gradle                                                                 : loaded 2 times (x 124B)
Class org.gradle.internal.Cast                                                        : loaded 2 times (x 71B)
Class org.gradle.api.Action                                                           : loaded 2 times (x 70B)
Class com.google.common.base.Strings                                                  : loaded 2 times (x 71B)
Class com.google.common.collect.Sets                                                  : loaded 2 times (x 71B)
Class org.objectweb.asm.Handler                                                       : loaded 2 times (x 72B)
Class com.google.common.base.CharMatcher$FastMatcher                                  : loaded 2 times (x 111B)
Class com.google.common.base.Ticker                                                   : loaded 2 times (x 72B)
Class [Lcom.google.common.cache.LocalCache$Segment;                                   : loaded 2 times (x 69B)
Class com.google.common.base.Predicate                                                : loaded 2 times (x 70B)
Class [Lcom.google.common.cache.LocalCache$Strength;                                  : loaded 2 times (x 69B)
Class com.google.common.cache.CacheBuilder$1                                          : loaded 2 times (x 85B)
Class com.google.common.collect.ImmutableMap                                          : loaded 2 times (x 120B)
Class org.gradle.internal.classpath.DefaultClassPath$ImmutableUniqueList$Builder      : loaded 2 times (x 75B)
Class com.google.common.base.CharMatcher$NegatedFastMatcher                           : loaded 2 times (x 113B)
Class com.google.common.cache.LocalCache                                              : loaded 2 times (x 187B)
Class com.google.common.cache.CacheBuilder$2                                          : loaded 2 times (x 79B)
Class com.google.common.collect.ArrayListMultimap                                     : loaded 2 times (x 172B)
Class com.google.common.cache.CacheBuilder$3                                          : loaded 2 times (x 72B)
Class [Lcom.google.common.collect.AbstractMapEntry;                                   : loaded 2 times (x 69B)
Class com.google.common.collect.ImmutableEntry                                        : loaded 2 times (x 82B)
Class org.gradle.api.GradleException                                                  : loaded 2 times (x 82B)
Class com.google.common.collect.CollectPreconditions                                  : loaded 2 times (x 71B)
Class com.google.common.collect.SortedMapDifference                                   : loaded 2 times (x 70B)
Class com.google.common.cache.LocalCache$EntryFactory                                 : loaded 2 times (x 83B)
Class com.google.common.cache.LocalCache$AbstractReferenceEntry                       : loaded 2 times (x 107B)
Class org.gradle.internal.IoActions                                                   : loaded 2 times (x 71B)
Class org.objectweb.asm.SymbolTable                                                   : loaded 2 times (x 72B)
Class com.google.common.cache.CacheLoader$InvalidCacheLoadException                   : loaded 2 times (x 82B)
Class com.google.common.collect.ImmutableSet$RegularSetBuilderImpl                    : loaded 2 times (x 77B)
Class com.google.common.cache.LocalCache$StrongEntry                                  : loaded 2 times (x 108B)
Class com.google.common.util.concurrent.AbstractFuture$TrustedFuture                  : loaded 2 times (x 114B)
Class com.google.common.cache.LoadingCache                                            : loaded 2 times (x 70B)
Class org.objectweb.asm.MethodWriter                                                  : loaded 2 times (x 106B)
Class [Lcom.google.common.cache.Weigher;                                              : loaded 2 times (x 69B)
Class com.google.common.collect.RegularImmutableMap$BucketOverflowException           : loaded 2 times (x 82B)
Class com.google.common.collect.RegularImmutableBiMap                                 : loaded 2 times (x 149B)
Class com.google.common.base.CharMatcher$Negated                                      : loaded 2 times (x 113B)
Class com.google.common.base.CharMatcher$Is                                           : loaded 2 times (x 111B)
Class com.google.common.cache.LocalCache$ValueReference                               : loaded 2 times (x 70B)
Class com.google.common.base.PatternCompiler                                          : loaded 2 times (x 70B)
Class com.google.common.util.concurrent.AbstractFuture$Failure                        : loaded 2 times (x 72B)
Class com.google.common.base.Equivalence$Equals                                       : loaded 2 times (x 82B)
Class com.google.common.collect.Hashing                                               : loaded 2 times (x 71B)
Class com.google.common.base.Preconditions                                            : loaded 2 times (x 71B)
Class com.google.common.base.Joiner$1                                                 : loaded 2 times (x 80B)
Class org.objectweb.asm.Label                                                         : loaded 2 times (x 73B)
Class org.objectweb.asm.CurrentFrame                                                  : loaded 2 times (x 73B)
Class org.objectweb.asm.ClassTooLargeException                                        : loaded 2 times (x 83B)
Class com.google.common.base.CharMatcher                                              : loaded 2 times (x 111B)
Class com.google.common.collect.PeekingIterator                                       : loaded 2 times (x 70B)
Class com.google.common.collect.Maps$IteratorBasedAbstractMap                         : loaded 2 times (x 125B)
Class com.google.common.base.Joiner$2                                                 : loaded 2 times (x 79B)
Class org.objectweb.asm.Frame                                                         : loaded 2 times (x 73B)
Class org.objectweb.asm.MethodVisitor                                                 : loaded 2 times (x 105B)
Class com.google.common.base.CharMatcher$NamedFastMatcher                             : loaded 2 times (x 112B)
Class com.google.common.base.CharMatcher$1                                            : loaded 2 times (x 113B)
Class com.google.common.cache.LocalCache$EntryFactory$1                               : loaded 2 times (x 83B)
Class [Lcom.google.common.cache.RemovalListener;                                      : loaded 2 times (x 69B)
Class com.google.common.cache.LocalCache$EntryFactory$2                               : loaded 2 times (x 83B)
Class org.objectweb.asm.ModuleWriter                                                  : loaded 2 times (x 82B)
Class com.google.common.cache.LocalCache$EntryFactory$3                               : loaded 2 times (x 83B)
Class com.google.common.base.Ticker$1                                                 : loaded 2 times (x 72B)
Class com.google.common.collect.Maps$BiMapConverter                                   : loaded 2 times (x 90B)
Class com.google.common.collect.ImmutableMapEntrySet$RegularEntrySet                  : loaded 2 times (x 152B)
Class ijJvmDebugger1_c7taw3lrjo1eoziqqyouhqjk8$_run_closure1$_closure2                : loaded 2 times (x 140B)
Class com.google.common.collect.ImmutableSet$Builder                                  : loaded 2 times (x 85B)
Class com.google.common.base.CharMatcher$InRange                                      : loaded 2 times (x 111B)
Class com.google.common.cache.LocalCache$EntryFactory$4                               : loaded 2 times (x 83B)
Class com.google.common.cache.LocalCache$EntryFactory$5                               : loaded 2 times (x 83B)
Class com.google.common.base.PairwiseEquivalence                                      : loaded 2 times (x 83B)
Class com.google.common.cache.LocalCache$EntryFactory$6                               : loaded 2 times (x 83B)
Class org.gradle.internal.installation.CurrentGradleInstallationLocator               : loaded 2 times (x 71B)
Class com.google.common.collect.Maps$KeySet                                           : loaded 2 times (x 137B)
Class com.google.common.collect.ImmutableSet$EmptySetBuilderImpl                      : loaded 2 times (x 76B)
Class com.google.common.cache.LocalCache$EntryFactory$7                               : loaded 2 times (x 83B)
Class com.google.common.collect.ImmutableList                                         : loaded 2 times (x 206B)
Class org.gradle.internal.service.DefaultServiceLocator                               : loaded 2 times (x 83B)
Class com.google.common.cache.LocalCache$EntryFactory$8                               : loaded 2 times (x 83B)
Class com.google.common.collect.ImmutableSet$SetBuilderImpl                           : loaded 2 times (x 76B)
Class org.gradle.internal.installation.CurrentGradleInstallation                      : loaded 2 times (x 73B)
Class com.google.common.cache.CacheLoader$1                                           : loaded 2 times (x 75B)
Class com.google.common.collect.ForwardingObject                                      : loaded 2 times (x 72B)
Class com.google.common.collect.ImmutableList$SubList                                 : loaded 2 times (x 209B)
Class org.gradle.util.internal.GUtil                                                  : loaded 2 times (x 71B)
Class com.google.common.cache.AbstractCache$StatsCounter                              : loaded 2 times (x 70B)
Class com.google.common.collect.Iterators$MergingIterator                             : loaded 2 times (x 81B)
Class com.google.common.collect.RegularImmutableSet                                   : loaded 2 times (x 149B)
Class org.gradle.internal.installation.GradleInstallation                             : loaded 2 times (x 75B)
Class com.google.common.collect.Iterables                                             : loaded 2 times (x 71B)

---------------  S Y S T E M  ---------------

OS:
 Windows 11 , 64 bit Build 22621 (10.0.22621.5415)
OS uptime: 11 days 1:48 hours
Hyper-V role detected

CPU: total 4 (initial active 4) (2 cores per cpu, 2 threads per core) family 6 model 140 stepping 1 microcode 0xbe, cx8, cmov, fxsr, ht, mmx, 3dnowpref, sse, sse2, sse3, ssse3, sse4.1, sse4.2, popcnt, lzcnt, tsc, tscinvbit, avx, avx2, aes, erms, clmul, bmi1, bmi2, adx, avx512f, avx512dq, avx512cd, avx512bw, avx512vl, sha, fma, vzeroupper, avx512_vpopcntdq, avx512_vpclmulqdq, avx512_vaes, avx512_vnni, clflush, clflushopt, clwb, avx512_vbmi2, avx512_vbmi, hv, rdtscp, rdpid, fsrm, gfni, avx512_bitalg, f16c, cet_ibt, cet_ss, avx512_ifma
Processor Information for processor 0
  Max Mhz: 2995, Current Mhz: 2995, Mhz Limit: 2995
Processor Information for processor 1
  Max Mhz: 2995, Current Mhz: 2995, Mhz Limit: 2995
Processor Information for processor 2
  Max Mhz: 2995, Current Mhz: 2995, Mhz Limit: 2995
Processor Information for processor 3
  Max Mhz: 2995, Current Mhz: 1996, Mhz Limit: 2995

Memory: 4k page, system-wide physical 7930M (273M free)
TotalPageFile size 32506M (AvailPageFile size 20M)
current process WorkingSet (physical memory assigned to process): 482M, peak: 482M
current process commit charge ("private bytes"): 511M, peak: 527M

vm_info: OpenJDK 64-Bit Server VM (21.0.10+-14961533-b1163.108) for windows-amd64 JRE (21.0.10+-14961533-b1163.108), built on 2026-03-02T19:58:50Z by "builder" with MS VC++ 16.10 / 16.11 (VS2019)

END.
