#
# There is insufficient memory for the Java Runtime Environment to continue.
# Native memory allocation (malloc) failed to allocate 825456 bytes. Error detail: Chunk::new
# Possible reasons:
#   The system is out of physical RAM or swap space
#   This process is running with CompressedOops enabled, and the Java Heap may be blocking the growth of the native heap
# Possible solutions:
#   Reduce memory load on the system
#   Increase physical memory or swap space
#   Check if swap backing store is full
#   Decrease Java heap size (-Xmx/-Xms)
#   Decrease number of Java threads
#   Decrease Java thread stack sizes (-Xss)
#   Set larger code cache with -XX:ReservedCodeCacheSize=
#   JVM is running with Unscaled Compressed Oops mode in which the Java heap is
#     placed in the first 4GB address space. The Java Heap base address is the
#     maximum limit for the native heap growth. Please use -XX:HeapBaseMinAddress
#     to set the Java Heap base and to place the Java Heap above 4GB virtual address.
# This output file may be truncated or incomplete.
#
#  Out of Memory Error (arena.cpp:168), pid=25848, tid=42984
#
# JRE version: OpenJDK Runtime Environment (21.0.10) (build 21.0.10+-14961533-b1163.108)
# Java VM: OpenJDK 64-Bit Server VM (21.0.10+-14961533-b1163.108, mixed mode, tiered, compressed oops, compressed class ptrs, g1 gc, windows-amd64)
# No core dump will be written. Minidumps are not enabled by default on client versions of Windows
#

---------------  S U M M A R Y ------------

Command Line: --add-opens=java.base/java.lang=ALL-UNNAMED --add-opens=java.base/java.lang.invoke=ALL-UNNAMED --add-opens=java.base/java.util=ALL-UNNAMED --add-opens=java.prefs/java.util.prefs=ALL-UNNAMED --add-exports=jdk.compiler/com.sun.tools.javac.api=ALL-UNNAMED --add-exports=jdk.compiler/com.sun.tools.javac.util=ALL-UNNAMED --add-opens=java.base/java.util=ALL-UNNAMED --add-opens=java.prefs/java.util.prefs=ALL-UNNAMED --add-opens=java.base/java.nio.charset=ALL-UNNAMED --add-opens=java.base/java.net=ALL-UNNAMED --add-opens=java.base/java.util.concurrent=ALL-UNNAMED --add-opens=java.base/java.util.concurrent.atomic=ALL-UNNAMED --add-opens=java.xml/javax.xml.namespace=ALL-UNNAMED --add-opens=java.base/java.time=ALL-UNNAMED -Xmx2048m -Dfile.encoding=UTF-8 -Duser.country=IN -Duser.language=en -Duser.variant -javaagent:C:\Users\prave\.gradle\wrapper\dists\gradle-9.4.1-bin\arn2x92ynaizyzdaamcbpbhtj\gradle-9.4.1\lib\agents\gradle-instrumentation-agent-9.4.1.jar org.gradle.launcher.daemon.bootstrap.GradleDaemon 9.4.1

Host: 11th Gen Intel(R) Core(TM) i3-1115G4 @ 3.00GHz, 4 cores, 7G,  Windows 11 , 64 bit Build 22621 (10.0.22621.5415)
Time: Mon Jun  1 23:08:41 2026 India Standard Time elapsed time: 37.742872 seconds (0d 0h 0m 37s)

---------------  T H R E A D  ---------------

Current thread (0x000001fee2b987a0):  JavaThread "C2 CompilerThread0" daemon [_thread_in_native, id=42984, stack(0x000000474da00000,0x000000474db00000) (1024K)]


Current CompileTask:
C2:37742 10273       4       org.objectweb.asm.MethodWriter::computeAllFrames (510 bytes)

Stack: [0x000000474da00000,0x000000474db00000]
Native frames: (J=compiled Java code, j=interpreted, Vv=VM code, C=native code)
V  [jvm.dll+0x6d78a9]
V  [jvm.dll+0x8665b3]
V  [jvm.dll+0x868bde]
V  [jvm.dll+0x8692c3]
V  [jvm.dll+0x280ee6]
V  [jvm.dll+0xc07cd]
V  [jvm.dll+0xc0d03]
V  [jvm.dll+0x3ba0cb]
V  [jvm.dll+0x385df7]
V  [jvm.dll+0x38526a]
V  [jvm.dll+0x249bd2]
V  [jvm.dll+0x2491a1]
V  [jvm.dll+0x1c76e4]
V  [jvm.dll+0x25891e]
V  [jvm.dll+0x256e66]
V  [jvm.dll+0x3f513e]
V  [jvm.dll+0x80fd28]
V  [jvm.dll+0x6d60fd]
C  [ucrtbase.dll+0x29333]
C  [KERNEL32.DLL+0x1259d]
C  [ntdll.dll+0x5af78]


---------------  P R O C E S S  ---------------

Threads class SMR info:
_java_thread_list=0x000001fee702b1d0, length=43, elements={
0x000001fecbb60d30, 0x000001fee2b66fe0, 0x000001fee2b72d60, 0x000001fee2b73c70,
0x000001fee2b74920, 0x000001fee2b94920, 0x000001fee2b95fa0, 0x000001fee2b96a00,
0x000001fee2b987a0, 0x000001fee2ba3f20, 0x000001fee2f2d330, 0x000001fee8121380,
0x000001fee87cb1d0, 0x000001fee72ae150, 0x000001fee8f07280, 0x000001fee8d152b0,
0x000001fee92411b0, 0x000001fee82b1fe0, 0x000001fee82b3a20, 0x000001fee82b1950,
0x000001fee82b05a0, 0x000001fee82b2670, 0x000001fee82b2d00, 0x000001fee82b3390,
0x000001feebf2e8e0, 0x000001feebf2a0b0, 0x000001feebf2cea0, 0x000001feebf2c810,
0x000001feebf29390, 0x000001feebf2ef70, 0x000001feebf2a740, 0x000001feebf2e250,
0x000001feebf2f600, 0x000001feebf28d00, 0x000001feebf2d530, 0x000001feebf2add0,
0x000001feebf2fc90, 0x000001feebf2b460, 0x000001feebf2dbc0, 0x000001feebf2baf0,
0x000001fee9535b30, 0x000001fee9537570, 0x000001fee9532020
}

Java Threads: ( => current thread )
  0x000001fecbb60d30 JavaThread "main"                              [_thread_blocked, id=11460, stack(0x000000474cb00000,0x000000474cc00000) (1024K)]
  0x000001fee2b66fe0 JavaThread "Common-Cleaner"             daemon [_thread_blocked, id=20784, stack(0x000000474d300000,0x000000474d400000) (1024K)]
  0x000001fee2b72d60 JavaThread "Reference Handler"          daemon [_thread_blocked, id=23668, stack(0x000000474d400000,0x000000474d500000) (1024K)]
  0x000001fee2b73c70 JavaThread "Finalizer"                  daemon [_thread_blocked, id=45736, stack(0x000000474d500000,0x000000474d600000) (1024K)]
  0x000001fee2b74920 JavaThread "Signal Dispatcher"          daemon [_thread_blocked, id=41120, stack(0x000000474d600000,0x000000474d700000) (1024K)]
  0x000001fee2b94920 JavaThread "Attach Listener"            daemon [_thread_blocked, id=6912, stack(0x000000474d700000,0x000000474d800000) (1024K)]
  0x000001fee2b95fa0 JavaThread "Service Thread"             daemon [_thread_blocked, id=24356, stack(0x000000474d800000,0x000000474d900000) (1024K)]
  0x000001fee2b96a00 JavaThread "Monitor Deflation Thread"   daemon [_thread_blocked, id=13948, stack(0x000000474d900000,0x000000474da00000) (1024K)]
=>0x000001fee2b987a0 JavaThread "C2 CompilerThread0"         daemon [_thread_in_native, id=42984, stack(0x000000474da00000,0x000000474db00000) (1024K)]
  0x000001fee2ba3f20 JavaThread "C1 CompilerThread0"         daemon [_thread_blocked, id=44436, stack(0x000000474db00000,0x000000474dc00000) (1024K)]
  0x000001fee2f2d330 JavaThread "Notification Thread"        daemon [_thread_blocked, id=44624, stack(0x000000474dc00000,0x000000474dd00000) (1024K)]
  0x000001fee8121380 JavaThread "Daemon health stats"               [_thread_blocked, id=33320, stack(0x000000474e100000,0x000000474e200000) (1024K)]
  0x000001fee87cb1d0 JavaThread "Incoming local TCP Connector on port 61600"        [_thread_in_native, id=27268, stack(0x000000474dd00000,0x000000474de00000) (1024K)]
  0x000001fee72ae150 JavaThread "Daemon periodic checks"            [_thread_blocked, id=34804, stack(0x000000474e300000,0x000000474e400000) (1024K)]
  0x000001fee8f07280 JavaThread "Daemon"                            [_thread_blocked, id=5072, stack(0x000000474e400000,0x000000474e500000) (1024K)]
  0x000001fee8d152b0 JavaThread "Handler for socket connection from /127.0.0.1:61600 to /127.0.0.1:61601"        [_thread_in_native, id=2164, stack(0x000000474e500000,0x000000474e600000) (1024K)]
  0x000001fee92411b0 JavaThread "Cancel handler"                    [_thread_blocked, id=33772, stack(0x000000474e200000,0x000000474e300000) (1024K)]
  0x000001fee82b1fe0 JavaThread "Daemon worker"                     [_thread_in_vm, id=10940, stack(0x000000474e600000,0x000000474e700000) (1024K)]
  0x000001fee82b3a20 JavaThread "Asynchronous log dispatcher for DefaultDaemonConnection: socket connection from /127.0.0.1:61600 to /127.0.0.1:61601"        [_thread_blocked, id=42116, stack(0x000000474e700000,0x000000474e800000) (1024K)]
  0x000001fee82b1950 JavaThread "Stdin handler"                     [_thread_blocked, id=36832, stack(0x000000474e800000,0x000000474e900000) (1024K)]
  0x000001fee82b05a0 JavaThread "Daemon client event forwarder"        [_thread_blocked, id=33356, stack(0x000000474e900000,0x000000474ea00000) (1024K)]
  0x000001fee82b2670 JavaThread "Cache worker for journal cache (C:\Users\prave\.gradle\caches\journal-1)"        [_thread_blocked, id=20496, stack(0x000000474ea00000,0x000000474eb00000) (1024K)]
  0x000001fee82b2d00 JavaThread "File lock request listener"        [_thread_in_native, id=30416, stack(0x000000474eb00000,0x000000474ec00000) (1024K)]
  0x000001fee82b3390 JavaThread "Cache worker for file hash cache (C:\Users\prave\.gradle\caches\9.4.1\fileHashes)"        [_thread_blocked, id=16432, stack(0x000000474ec00000,0x000000474ed00000) (1024K)]
  0x000001feebf2e8e0 JavaThread "Cache worker for file hash cache (C:\Users\prave\AndroidStudioProjects\smartcareerpath\.gradle\9.4.1\fileHashes)"        [_thread_blocked, id=26028, stack(0x000000474ee00000,0x000000474ef00000) (1024K)]
  0x000001feebf2a0b0 JavaThread "Cache worker for Build Output Cleanup Cache (C:\Users\prave\AndroidStudioProjects\smartcareerpath\.gradle\buildOutputCleanup)"        [_thread_blocked, id=18964, stack(0x000000474ef00000,0x000000474f000000) (1024K)]
  0x000001feebf2cea0 JavaThread "File watcher server"        daemon [_thread_in_native, id=11496, stack(0x000000474f000000,0x000000474f100000) (1024K)]
  0x000001feebf2c810 JavaThread "File watcher consumer"      daemon [_thread_blocked, id=40396, stack(0x000000474f100000,0x000000474f200000) (1024K)]
  0x000001feebf29390 JavaThread "Cache worker for file content cache (C:\Users\prave\.gradle\caches\9.4.1\fileContent)"        [_thread_blocked, id=28784, stack(0x000000474f200000,0x000000474f300000) (1024K)]
  0x000001feebf2ef70 JavaThread "Cache worker for checksums cache (C:\Users\prave\AndroidStudioProjects\smartcareerpath\.gradle\9.4.1\checksums)"        [_thread_blocked, id=29784, stack(0x000000474f300000,0x000000474f400000) (1024K)]
  0x000001feebf2a740 JavaThread "Cache worker for cache directory md-supplier (C:\Users\prave\.gradle\caches\9.4.1\md-supplier)"        [_thread_blocked, id=26688, stack(0x000000474f400000,0x000000474f500000) (1024K)]
  0x000001feebf2e250 JavaThread "Cache worker for cache directory md-rule (C:\Users\prave\.gradle\caches\9.4.1\md-rule)"        [_thread_blocked, id=46060, stack(0x000000474f500000,0x000000474f600000) (1024K)]
  0x000001feebf2f600 JavaThread "jar transforms"                    [_thread_blocked, id=9680, stack(0x000000474f600000,0x000000474f700000) (1024K)]
  0x000001feebf28d00 JavaThread "jar transforms Thread 2"           [_thread_blocked, id=15204, stack(0x000000474f700000,0x000000474f800000) (1024K)]
  0x000001feebf2d530 JavaThread "jar transforms Thread 3"           [_thread_blocked, id=1004, stack(0x000000474ed00000,0x000000474ee00000) (1024K)]
  0x000001feebf2add0 JavaThread "Build operations"                  [_thread_blocked, id=3528, stack(0x000000474f800000,0x000000474f900000) (1024K)]
  0x000001feebf2fc90 JavaThread "Build operations Thread 2"         [_thread_blocked, id=43444, stack(0x000000474f900000,0x000000474fa00000) (1024K)]
  0x000001feebf2b460 JavaThread "Build operations Thread 3"         [_thread_blocked, id=40500, stack(0x000000474fa00000,0x000000474fb00000) (1024K)]
  0x000001feebf2dbc0 JavaThread "Build operations Thread 4"         [_thread_blocked, id=20896, stack(0x000000474fc00000,0x000000474fd00000) (1024K)]
  0x000001feebf2baf0 JavaThread "jar transforms Thread 4"           [_thread_blocked, id=43420, stack(0x000000474fb00000,0x000000474fc00000) (1024K)]
  0x000001fee9535b30 JavaThread "build event listener"              [_thread_blocked, id=2168, stack(0x000000474fd00000,0x000000474fe00000) (1024K)]
  0x000001fee9537570 JavaThread "Memory manager"                    [_thread_blocked, id=5520, stack(0x000000474ca00000,0x000000474cb00000) (1024K)]
  0x000001fee9532020 JavaThread "build event listener"              [_thread_blocked, id=21064, stack(0x000000474fe00000,0x000000474ff00000) (1024K)]
Total: 43

Other Threads:
  0x000001fee29a5760 VMThread "VM Thread"                           [id=34996, stack(0x000000474d200000,0x000000474d300000) (1024K)]
  0x000001fee295f2a0 WatcherThread "VM Periodic Task Thread"        [id=3668, stack(0x000000474d100000,0x000000474d200000) (1024K)]
  0x000001fec984d010 WorkerThread "GC Thread#0"                     [id=43472, stack(0x000000474cc00000,0x000000474cd00000) (1024K)]
  0x000001fee70aa320 WorkerThread "GC Thread#1"                     [id=40944, stack(0x000000474de00000,0x000000474df00000) (1024K)]
  0x000001fee71fd630 WorkerThread "GC Thread#2"                     [id=10448, stack(0x000000474df00000,0x000000474e000000) (1024K)]
  0x000001fee7dd8c00 WorkerThread "GC Thread#3"                     [id=20360, stack(0x000000474e000000,0x000000474e100000) (1024K)]
  0x000001fec984dfd0 ConcurrentGCThread "G1 Main Marker"            [id=13668, stack(0x000000474cd00000,0x000000474ce00000) (1024K)]
  0x000001fecbbc3f80 WorkerThread "G1 Conc#0"                       [id=3548, stack(0x000000474ce00000,0x000000474cf00000) (1024K)]
  0x000001fee28334e0 ConcurrentGCThread "G1 Refine#0"               [id=22944, stack(0x000000474cf00000,0x000000474d000000) (1024K)]
  0x000001fecbc1d680 ConcurrentGCThread "G1 Service"                [id=23484, stack(0x000000474d000000,0x000000474d100000) (1024K)]
Total: 10

Threads with active compile tasks:
C2 CompilerThread0  37780 10273       4       org.objectweb.asm.MethodWriter::computeAllFrames (510 bytes)
Total: 1

VM state: not at safepoint (normal execution)

VM Mutex/Monitor currently owned by a thread: None

Heap address: 0x0000000080000000, size: 2048 MB, Compressed Oops mode: 32-bit

CDS archive(s) not mapped
Compressed class space mapped at: 0x0000000100000000-0x0000000140000000, reserved size: 1073741824
Narrow klass base: 0x0000000000000000, Narrow klass shift: 3, Narrow klass range: 0x140000000

GC Precious Log:
 CardTable entry size: 512
 Card Set container configuration: InlinePtr #cards 5 size 8 Array Of Cards #cards 12 size 40 Howl #buckets 4 coarsen threshold 1843 Howl Bitmap #cards 512 size 80 coarsen threshold 460 Card regions per heap region 1 cards per card region 2048
 CPUs: 4 total, 4 available
 Memory: 7930M
 Large Page Support: Disabled
 NUMA Support: Disabled
 Compressed Oops: Enabled (32-bit)
 Heap Region Size: 1M
 Heap Min Capacity: 8M
 Heap Initial Capacity: 124M
 Heap Max Capacity: 2G
 Pre-touch: Disabled
 Parallel Workers: 4
 Concurrent Workers: 1
 Concurrent Refinement Workers: 4
 Periodic GC: Disabled

Heap:
 garbage-first heap   total 142336K, used 110300K [0x0000000080000000, 0x0000000100000000)
  region size 1024K, 29 young (29696K), 3 survivors (3072K)
 Metaspace       used 94560K, committed 96704K, reserved 1179648K
  class space    used 13153K, committed 14208K, reserved 1048576K

Heap Regions: E=young(eden), S=young(survivor), O=old, HS=humongous(starts), HC=humongous(continues), CS=collection set, F=free, TAMS=top-at-mark-start, PB=parsable bottom
|   0|0x0000000080000000, 0x0000000080100000, 0x0000000080100000|100%|HS|  |TAMS 0x0000000080000000| PB 0x0000000080000000| Complete 
|   1|0x0000000080100000, 0x0000000080200000, 0x0000000080200000|100%|HC|  |TAMS 0x0000000080100000| PB 0x0000000080100000| Complete 
|   2|0x0000000080200000, 0x0000000080300000, 0x0000000080300000|100%|HC|  |TAMS 0x0000000080200000| PB 0x0000000080200000| Complete 
|   3|0x0000000080300000, 0x0000000080400000, 0x0000000080400000|100%|HC|  |TAMS 0x0000000080300000| PB 0x0000000080300000| Complete 
|   4|0x0000000080400000, 0x0000000080500000, 0x0000000080500000|100%| O|  |TAMS 0x0000000080400000| PB 0x0000000080400000| Untracked 
|   5|0x0000000080500000, 0x0000000080600000, 0x0000000080600000|100%| O|  |TAMS 0x0000000080500000| PB 0x0000000080500000| Untracked 
|   6|0x0000000080600000, 0x0000000080700000, 0x0000000080700000|100%| O|  |TAMS 0x0000000080600000| PB 0x0000000080600000| Untracked 
|   7|0x0000000080700000, 0x0000000080800000, 0x0000000080800000|100%| O|  |TAMS 0x0000000080700000| PB 0x0000000080700000| Untracked 
|   8|0x0000000080800000, 0x0000000080900000, 0x0000000080900000|100%|HS|  |TAMS 0x0000000080800000| PB 0x0000000080800000| Complete 
|   9|0x0000000080900000, 0x0000000080a00000, 0x0000000080a00000|100%| O|  |TAMS 0x0000000080900000| PB 0x0000000080900000| Untracked 
|  10|0x0000000080a00000, 0x0000000080b00000, 0x0000000080b00000|100%| O|  |TAMS 0x0000000080a00000| PB 0x0000000080a00000| Untracked 
|  11|0x0000000080b00000, 0x0000000080c00000, 0x0000000080c00000|100%| O|  |TAMS 0x0000000080b00000| PB 0x0000000080b00000| Untracked 
|  12|0x0000000080c00000, 0x0000000080d00000, 0x0000000080d00000|100%| O|  |TAMS 0x0000000080c00000| PB 0x0000000080c00000| Untracked 
|  13|0x0000000080d00000, 0x0000000080e00000, 0x0000000080e00000|100%| O|  |TAMS 0x0000000080d00000| PB 0x0000000080d00000| Untracked 
|  14|0x0000000080e00000, 0x0000000080f00000, 0x0000000080f00000|100%| O|  |TAMS 0x0000000080e00000| PB 0x0000000080e00000| Untracked 
|  15|0x0000000080f00000, 0x0000000081000000, 0x0000000081000000|100%| O|  |TAMS 0x0000000080f00000| PB 0x0000000080f00000| Untracked 
|  16|0x0000000081000000, 0x0000000081100000, 0x0000000081100000|100%| O|  |TAMS 0x0000000081000000| PB 0x0000000081000000| Untracked 
|  17|0x0000000081100000, 0x0000000081200000, 0x0000000081200000|100%| O|  |TAMS 0x0000000081100000| PB 0x0000000081100000| Untracked 
|  18|0x0000000081200000, 0x0000000081300000, 0x0000000081300000|100%| O|  |TAMS 0x0000000081200000| PB 0x0000000081200000| Untracked 
|  19|0x0000000081300000, 0x0000000081400000, 0x0000000081400000|100%| O|  |TAMS 0x0000000081300000| PB 0x0000000081300000| Untracked 
|  20|0x0000000081400000, 0x0000000081500000, 0x0000000081500000|100%| O|  |TAMS 0x0000000081400000| PB 0x0000000081400000| Untracked 
|  21|0x0000000081500000, 0x0000000081600000, 0x0000000081600000|100%| O|  |TAMS 0x0000000081500000| PB 0x0000000081500000| Untracked 
|  22|0x0000000081600000, 0x0000000081700000, 0x0000000081700000|100%| O|  |TAMS 0x0000000081600000| PB 0x0000000081600000| Untracked 
|  23|0x0000000081700000, 0x0000000081800000, 0x0000000081800000|100%| O|  |TAMS 0x0000000081700000| PB 0x0000000081700000| Untracked 
|  24|0x0000000081800000, 0x0000000081900000, 0x0000000081900000|100%| O|  |TAMS 0x0000000081800000| PB 0x0000000081800000| Untracked 
|  25|0x0000000081900000, 0x0000000081a00000, 0x0000000081a00000|100%| O|  |TAMS 0x0000000081900000| PB 0x0000000081900000| Untracked 
|  26|0x0000000081a00000, 0x0000000081b00000, 0x0000000081b00000|100%| O|  |TAMS 0x0000000081a00000| PB 0x0000000081a00000| Untracked 
|  27|0x0000000081b00000, 0x0000000081c00000, 0x0000000081c00000|100%| O|  |TAMS 0x0000000081b00000| PB 0x0000000081b00000| Untracked 
|  28|0x0000000081c00000, 0x0000000081d00000, 0x0000000081d00000|100%| O|  |TAMS 0x0000000081c00000| PB 0x0000000081c00000| Untracked 
|  29|0x0000000081d00000, 0x0000000081e00000, 0x0000000081e00000|100%|HS|  |TAMS 0x0000000081d00000| PB 0x0000000081d00000| Complete 
|  30|0x0000000081e00000, 0x0000000081f00000, 0x0000000081f00000|100%|HC|  |TAMS 0x0000000081e00000| PB 0x0000000081e00000| Complete 
|  31|0x0000000081f00000, 0x0000000082000000, 0x0000000082000000|100%| O|  |TAMS 0x0000000081f00000| PB 0x0000000081f00000| Untracked 
|  32|0x0000000082000000, 0x0000000082100000, 0x0000000082100000|100%| O|  |TAMS 0x0000000082000000| PB 0x0000000082000000| Untracked 
|  33|0x0000000082100000, 0x0000000082200000, 0x0000000082200000|100%| O|  |TAMS 0x0000000082100000| PB 0x0000000082100000| Untracked 
|  34|0x0000000082200000, 0x0000000082300000, 0x0000000082300000|100%| O|  |TAMS 0x0000000082200000| PB 0x0000000082200000| Untracked 
|  35|0x0000000082300000, 0x0000000082400000, 0x0000000082400000|100%| O|  |TAMS 0x0000000082300000| PB 0x0000000082300000| Untracked 
|  36|0x0000000082400000, 0x0000000082500000, 0x0000000082500000|100%| O|  |TAMS 0x0000000082400000| PB 0x0000000082400000| Untracked 
|  37|0x0000000082500000, 0x0000000082600000, 0x0000000082600000|100%| O|  |TAMS 0x0000000082500000| PB 0x0000000082500000| Untracked 
|  38|0x0000000082600000, 0x0000000082700000, 0x0000000082700000|100%|HS|  |TAMS 0x0000000082600000| PB 0x0000000082600000| Complete 
|  39|0x0000000082700000, 0x0000000082800000, 0x0000000082800000|100%| O|  |TAMS 0x0000000082700000| PB 0x0000000082700000| Untracked 
|  40|0x0000000082800000, 0x0000000082900000, 0x0000000082900000|100%| O|  |TAMS 0x0000000082800000| PB 0x0000000082800000| Untracked 
|  41|0x0000000082900000, 0x0000000082a00000, 0x0000000082a00000|100%| O|  |TAMS 0x0000000082900000| PB 0x0000000082900000| Untracked 
|  42|0x0000000082a00000, 0x0000000082b00000, 0x0000000082b00000|100%| O|  |TAMS 0x0000000082a00000| PB 0x0000000082a00000| Untracked 
|  43|0x0000000082b00000, 0x0000000082c00000, 0x0000000082c00000|100%| O|  |TAMS 0x0000000082b00000| PB 0x0000000082b00000| Untracked 
|  44|0x0000000082c00000, 0x0000000082d00000, 0x0000000082d00000|100%| O|  |TAMS 0x0000000082c00000| PB 0x0000000082c00000| Untracked 
|  45|0x0000000082d00000, 0x0000000082e00000, 0x0000000082e00000|100%| O|  |TAMS 0x0000000082d00000| PB 0x0000000082d00000| Untracked 
|  46|0x0000000082e00000, 0x0000000082f00000, 0x0000000082f00000|100%| O|  |TAMS 0x0000000082e00000| PB 0x0000000082e00000| Untracked 
|  47|0x0000000082f00000, 0x0000000083000000, 0x0000000083000000|100%| O|  |TAMS 0x0000000082f00000| PB 0x0000000082f00000| Untracked 
|  48|0x0000000083000000, 0x0000000083100000, 0x0000000083100000|100%| O|  |TAMS 0x0000000083000000| PB 0x0000000083000000| Untracked 
|  49|0x0000000083100000, 0x0000000083200000, 0x0000000083200000|100%|HS|  |TAMS 0x0000000083100000| PB 0x0000000083100000| Complete 
|  50|0x0000000083200000, 0x0000000083300000, 0x0000000083300000|100%| O|  |TAMS 0x0000000083200000| PB 0x0000000083200000| Untracked 
|  51|0x0000000083300000, 0x0000000083400000, 0x0000000083400000|100%| O|  |TAMS 0x0000000083300000| PB 0x0000000083300000| Untracked 
|  52|0x0000000083400000, 0x0000000083500000, 0x0000000083500000|100%|HS|  |TAMS 0x0000000083400000| PB 0x0000000083400000| Complete 
|  53|0x0000000083500000, 0x0000000083600000, 0x0000000083600000|100%|HC|  |TAMS 0x0000000083500000| PB 0x0000000083500000| Complete 
|  54|0x0000000083600000, 0x0000000083700000, 0x0000000083700000|100%| O|  |TAMS 0x0000000083600000| PB 0x0000000083600000| Untracked 
|  55|0x0000000083700000, 0x0000000083800000, 0x0000000083800000|100%| O|  |TAMS 0x0000000083700000| PB 0x0000000083700000| Untracked 
|  56|0x0000000083800000, 0x0000000083900000, 0x0000000083900000|100%|HS|  |TAMS 0x0000000083800000| PB 0x0000000083800000| Complete 
|  57|0x0000000083900000, 0x0000000083a00000, 0x0000000083a00000|100%|HS|  |TAMS 0x0000000083900000| PB 0x0000000083900000| Complete 
|  58|0x0000000083a00000, 0x0000000083a00000, 0x0000000083b00000|  0%| F|  |TAMS 0x0000000083a00000| PB 0x0000000083a00000| Untracked 
|  59|0x0000000083b00000, 0x0000000083c00000, 0x0000000083c00000|100%|HS|  |TAMS 0x0000000083b00000| PB 0x0000000083b00000| Complete 
|  60|0x0000000083c00000, 0x0000000083d00000, 0x0000000083d00000|100%|HS|  |TAMS 0x0000000083c00000| PB 0x0000000083c00000| Complete 
|  61|0x0000000083d00000, 0x0000000083e00000, 0x0000000083e00000|100%|HS|  |TAMS 0x0000000083d00000| PB 0x0000000083d00000| Complete 
|  62|0x0000000083e00000, 0x0000000083f00000, 0x0000000083f00000|100%|HC|  |TAMS 0x0000000083e00000| PB 0x0000000083e00000| Complete 
|  63|0x0000000083f00000, 0x0000000084000000, 0x0000000084000000|100%| O|  |TAMS 0x0000000083f00000| PB 0x0000000083f00000| Untracked 
|  64|0x0000000084000000, 0x0000000084100000, 0x0000000084100000|100%| O|  |TAMS 0x0000000084000000| PB 0x0000000084000000| Untracked 
|  65|0x0000000084100000, 0x0000000084200000, 0x0000000084200000|100%| O|  |TAMS 0x0000000084100000| PB 0x0000000084100000| Untracked 
|  66|0x0000000084200000, 0x0000000084300000, 0x0000000084300000|100%| O|  |TAMS 0x0000000084200000| PB 0x0000000084200000| Untracked 
|  67|0x0000000084300000, 0x0000000084400000, 0x0000000084400000|100%| O|  |TAMS 0x0000000084300000| PB 0x0000000084300000| Untracked 
|  68|0x0000000084400000, 0x0000000084500000, 0x0000000084500000|100%| O|  |TAMS 0x0000000084400000| PB 0x0000000084400000| Untracked 
|  69|0x0000000084500000, 0x0000000084600000, 0x0000000084600000|100%|HS|  |TAMS 0x0000000084500000| PB 0x0000000084500000| Complete 
|  70|0x0000000084600000, 0x0000000084700000, 0x0000000084700000|100%| O|  |TAMS 0x0000000084600000| PB 0x0000000084600000| Untracked 
|  71|0x0000000084700000, 0x0000000084800000, 0x0000000084800000|100%| O|  |TAMS 0x0000000084700000| PB 0x0000000084700000| Untracked 
|  72|0x0000000084800000, 0x0000000084900000, 0x0000000084900000|100%| O|  |TAMS 0x0000000084800000| PB 0x0000000084800000| Untracked 
|  73|0x0000000084900000, 0x0000000084a00000, 0x0000000084a00000|100%| O|  |TAMS 0x0000000084900000| PB 0x0000000084900000| Untracked 
|  74|0x0000000084a00000, 0x0000000084b00000, 0x0000000084b00000|100%| O|  |TAMS 0x0000000084a00000| PB 0x0000000084a00000| Untracked 
|  75|0x0000000084b00000, 0x0000000084b35560, 0x0000000084c00000| 20%| O|  |TAMS 0x0000000084b00000| PB 0x0000000084b00000| Untracked 
|  76|0x0000000084c00000, 0x0000000084c00000, 0x0000000084d00000|  0%| F|  |TAMS 0x0000000084c00000| PB 0x0000000084c00000| Untracked 
|  77|0x0000000084d00000, 0x0000000084d00000, 0x0000000084e00000|  0%| F|  |TAMS 0x0000000084d00000| PB 0x0000000084d00000| Untracked 
|  78|0x0000000084e00000, 0x0000000084e00000, 0x0000000084f00000|  0%| F|  |TAMS 0x0000000084e00000| PB 0x0000000084e00000| Untracked 
|  79|0x0000000084f00000, 0x0000000084f00000, 0x0000000085000000|  0%| F|  |TAMS 0x0000000084f00000| PB 0x0000000084f00000| Untracked 
|  80|0x0000000085000000, 0x0000000085000000, 0x0000000085100000|  0%| F|  |TAMS 0x0000000085000000| PB 0x0000000085000000| Untracked 
|  81|0x0000000085100000, 0x0000000085100000, 0x0000000085200000|  0%| F|  |TAMS 0x0000000085100000| PB 0x0000000085100000| Untracked 
|  82|0x0000000085200000, 0x0000000085281d30, 0x0000000085300000| 50%| S|CS|TAMS 0x0000000085200000| PB 0x0000000085200000| Complete 
|  83|0x0000000085300000, 0x0000000085400000, 0x0000000085400000|100%| S|CS|TAMS 0x0000000085300000| PB 0x0000000085300000| Complete 
|  84|0x0000000085400000, 0x0000000085500000, 0x0000000085500000|100%| S|CS|TAMS 0x0000000085400000| PB 0x0000000085400000| Complete 
|  85|0x0000000085500000, 0x0000000085500000, 0x0000000085600000|  0%| F|  |TAMS 0x0000000085500000| PB 0x0000000085500000| Untracked 
|  86|0x0000000085600000, 0x0000000085600000, 0x0000000085700000|  0%| F|  |TAMS 0x0000000085600000| PB 0x0000000085600000| Untracked 
|  87|0x0000000085700000, 0x0000000085700000, 0x0000000085800000|  0%| F|  |TAMS 0x0000000085700000| PB 0x0000000085700000| Untracked 
|  88|0x0000000085800000, 0x0000000085800000, 0x0000000085900000|  0%| F|  |TAMS 0x0000000085800000| PB 0x0000000085800000| Untracked 
|  89|0x0000000085900000, 0x0000000085900000, 0x0000000085a00000|  0%| F|  |TAMS 0x0000000085900000| PB 0x0000000085900000| Untracked 
|  90|0x0000000085a00000, 0x0000000085a00000, 0x0000000085b00000|  0%| F|  |TAMS 0x0000000085a00000| PB 0x0000000085a00000| Untracked 
|  91|0x0000000085b00000, 0x0000000085b00000, 0x0000000085c00000|  0%| F|  |TAMS 0x0000000085b00000| PB 0x0000000085b00000| Untracked 
|  92|0x0000000085c00000, 0x0000000085c00000, 0x0000000085d00000|  0%| F|  |TAMS 0x0000000085c00000| PB 0x0000000085c00000| Untracked 
|  93|0x0000000085d00000, 0x0000000085d00000, 0x0000000085e00000|  0%| F|  |TAMS 0x0000000085d00000| PB 0x0000000085d00000| Untracked 
|  94|0x0000000085e00000, 0x0000000085e00000, 0x0000000085f00000|  0%| F|  |TAMS 0x0000000085e00000| PB 0x0000000085e00000| Untracked 
|  95|0x0000000085f00000, 0x0000000085f00000, 0x0000000086000000|  0%| F|  |TAMS 0x0000000085f00000| PB 0x0000000085f00000| Untracked 
|  96|0x0000000086000000, 0x0000000086000000, 0x0000000086100000|  0%| F|  |TAMS 0x0000000086000000| PB 0x0000000086000000| Untracked 
|  97|0x0000000086100000, 0x0000000086100000, 0x0000000086200000|  0%| F|  |TAMS 0x0000000086100000| PB 0x0000000086100000| Untracked 
|  98|0x0000000086200000, 0x0000000086200000, 0x0000000086300000|  0%| F|  |TAMS 0x0000000086200000| PB 0x0000000086200000| Untracked 
|  99|0x0000000086300000, 0x0000000086300000, 0x0000000086400000|  0%| F|  |TAMS 0x0000000086300000| PB 0x0000000086300000| Untracked 
| 100|0x0000000086400000, 0x0000000086400000, 0x0000000086500000|  0%| F|  |TAMS 0x0000000086400000| PB 0x0000000086400000| Untracked 
| 101|0x0000000086500000, 0x0000000086500000, 0x0000000086600000|  0%| F|  |TAMS 0x0000000086500000| PB 0x0000000086500000| Untracked 
| 102|0x0000000086600000, 0x0000000086600000, 0x0000000086700000|  0%| F|  |TAMS 0x0000000086600000| PB 0x0000000086600000| Untracked 
| 103|0x0000000086700000, 0x0000000086700000, 0x0000000086800000|  0%| F|  |TAMS 0x0000000086700000| PB 0x0000000086700000| Untracked 
| 104|0x0000000086800000, 0x0000000086800000, 0x0000000086900000|  0%| F|  |TAMS 0x0000000086800000| PB 0x0000000086800000| Untracked 
| 105|0x0000000086900000, 0x0000000086900000, 0x0000000086a00000|  0%| F|  |TAMS 0x0000000086900000| PB 0x0000000086900000| Untracked 
| 106|0x0000000086a00000, 0x0000000086a00000, 0x0000000086b00000|  0%| F|  |TAMS 0x0000000086a00000| PB 0x0000000086a00000| Untracked 
| 107|0x0000000086b00000, 0x0000000086b80000, 0x0000000086c00000| 50%| E|  |TAMS 0x0000000086b00000| PB 0x0000000086b00000| Complete 
| 108|0x0000000086c00000, 0x0000000086d00000, 0x0000000086d00000|100%| E|CS|TAMS 0x0000000086c00000| PB 0x0000000086c00000| Complete 
| 109|0x0000000086d00000, 0x0000000086e00000, 0x0000000086e00000|100%| E|CS|TAMS 0x0000000086d00000| PB 0x0000000086d00000| Complete 
| 110|0x0000000086e00000, 0x0000000086f00000, 0x0000000086f00000|100%| E|CS|TAMS 0x0000000086e00000| PB 0x0000000086e00000| Complete 
| 111|0x0000000086f00000, 0x0000000087000000, 0x0000000087000000|100%| E|CS|TAMS 0x0000000086f00000| PB 0x0000000086f00000| Complete 
| 112|0x0000000087000000, 0x0000000087100000, 0x0000000087100000|100%| E|CS|TAMS 0x0000000087000000| PB 0x0000000087000000| Complete 
| 113|0x0000000087100000, 0x0000000087200000, 0x0000000087200000|100%| E|CS|TAMS 0x0000000087100000| PB 0x0000000087100000| Complete 
| 114|0x0000000087200000, 0x0000000087300000, 0x0000000087300000|100%| E|CS|TAMS 0x0000000087200000| PB 0x0000000087200000| Complete 
| 115|0x0000000087300000, 0x0000000087400000, 0x0000000087400000|100%| E|CS|TAMS 0x0000000087300000| PB 0x0000000087300000| Complete 
| 116|0x0000000087400000, 0x0000000087500000, 0x0000000087500000|100%| E|CS|TAMS 0x0000000087400000| PB 0x0000000087400000| Complete 
| 117|0x0000000087500000, 0x0000000087600000, 0x0000000087600000|100%| E|CS|TAMS 0x0000000087500000| PB 0x0000000087500000| Complete 
| 118|0x0000000087600000, 0x0000000087700000, 0x0000000087700000|100%| E|CS|TAMS 0x0000000087600000| PB 0x0000000087600000| Complete 
| 119|0x0000000087700000, 0x0000000087800000, 0x0000000087800000|100%| E|CS|TAMS 0x0000000087700000| PB 0x0000000087700000| Complete 
| 120|0x0000000087800000, 0x0000000087900000, 0x0000000087900000|100%| E|CS|TAMS 0x0000000087800000| PB 0x0000000087800000| Complete 
| 121|0x0000000087900000, 0x0000000087a00000, 0x0000000087a00000|100%| E|CS|TAMS 0x0000000087900000| PB 0x0000000087900000| Complete 
| 122|0x0000000087a00000, 0x0000000087b00000, 0x0000000087b00000|100%| E|CS|TAMS 0x0000000087a00000| PB 0x0000000087a00000| Complete 
| 123|0x0000000087b00000, 0x0000000087c00000, 0x0000000087c00000|100%| E|CS|TAMS 0x0000000087b00000| PB 0x0000000087b00000| Complete 
| 124|0x0000000087c00000, 0x0000000087d00000, 0x0000000087d00000|100%| E|CS|TAMS 0x0000000087c00000| PB 0x0000000087c00000| Complete 
| 125|0x0000000087d00000, 0x0000000087e00000, 0x0000000087e00000|100%| E|CS|TAMS 0x0000000087d00000| PB 0x0000000087d00000| Complete 
| 126|0x0000000087e00000, 0x0000000087f00000, 0x0000000087f00000|100%| E|CS|TAMS 0x0000000087e00000| PB 0x0000000087e00000| Complete 
| 127|0x0000000087f00000, 0x0000000088000000, 0x0000000088000000|100%| E|CS|TAMS 0x0000000087f00000| PB 0x0000000087f00000| Complete 
| 128|0x0000000088000000, 0x0000000088100000, 0x0000000088100000|100%| E|CS|TAMS 0x0000000088000000| PB 0x0000000088000000| Complete 
| 129|0x0000000088100000, 0x0000000088200000, 0x0000000088200000|100%| E|CS|TAMS 0x0000000088100000| PB 0x0000000088100000| Complete 
|2039|0x00000000ff700000, 0x00000000ff800000, 0x00000000ff800000|100%| O|  |TAMS 0x00000000ff700000| PB 0x00000000ff700000| Untracked 
|2040|0x00000000ff800000, 0x00000000ff900000, 0x00000000ff900000|100%| O|  |TAMS 0x00000000ff800000| PB 0x00000000ff800000| Untracked 
|2041|0x00000000ff900000, 0x00000000ffa00000, 0x00000000ffa00000|100%| O|  |TAMS 0x00000000ff900000| PB 0x00000000ff900000| Untracked 
|2042|0x00000000ffa00000, 0x00000000ffb00000, 0x00000000ffb00000|100%| O|  |TAMS 0x00000000ffa00000| PB 0x00000000ffa00000| Untracked 
|2043|0x00000000ffb00000, 0x00000000ffc00000, 0x00000000ffc00000|100%| E|CS|TAMS 0x00000000ffb00000| PB 0x00000000ffb00000| Complete 
|2044|0x00000000ffc00000, 0x00000000ffd00000, 0x00000000ffd00000|100%| E|CS|TAMS 0x00000000ffc00000| PB 0x00000000ffc00000| Complete 
|2045|0x00000000ffd00000, 0x00000000ffe00000, 0x00000000ffe00000|100%| E|CS|TAMS 0x00000000ffd00000| PB 0x00000000ffd00000| Complete 
|2046|0x00000000ffe00000, 0x00000000fff00000, 0x00000000fff00000|100%| O|  |TAMS 0x00000000ffe00000| PB 0x00000000ffe00000| Untracked 
|2047|0x00000000fff00000, 0x0000000100000000, 0x0000000100000000|100%| O|  |TAMS 0x00000000fff00000| PB 0x00000000fff00000| Untracked 

Card table byte_map: [0x000001fede0c0000,0x000001fede4c0000] _byte_map_base: 0x000001feddcc0000

Marking Bits: (CMBitMap*) 0x000001fec984d720
 Bits: [0x000001fede4c0000, 0x000001fee04c0000)

Polling page: 0x000001fec9970000

Metaspace:

Usage:
  Non-class:     79.51 MB used.
      Class:     12.85 MB used.
       Both:     92.36 MB used.

Virtual space:
  Non-class space:      128.00 MB reserved,      80.56 MB ( 63%) committed,  2 nodes.
      Class space:        1.00 GB reserved,      13.88 MB (  1%) committed,  1 nodes.
             Both:        1.12 GB reserved,      94.44 MB (  8%) committed. 

Chunk freelists:
   Non-Class:  15.20 MB
       Class:  1.97 MB
        Both:  17.17 MB

MaxMetaspaceSize: unlimited
CompressedClassSpaceSize: 1.00 GB
Initial GC threshold: 21.00 MB
Current GC threshold: 147.81 MB
CDS: off
 - commit_granule_bytes: 65536.
 - commit_granule_words: 8192.
 - virtual_space_node_default_size: 8388608.
 - enlarge_chunks_in_place: 1.
 - use_allocation_guard: 0.


Internal statistics:

num_allocs_failed_limit: 6.
num_arena_births: 4082.
num_arena_deaths: 0.
num_vsnodes_births: 3.
num_vsnodes_deaths: 0.
num_space_committed: 1511.
num_space_uncommitted: 0.
num_chunks_returned_to_freelist: 6.
num_chunks_taken_from_freelist: 8073.
num_chunk_merges: 0.
num_chunk_splits: 5286.
num_chunks_enlarged: 3315.
num_inconsistent_stats: 0.

CodeHeap 'non-profiled nmethods': size=120000Kb used=4836Kb max_used=4836Kb free=115163Kb
 bounds [0x000001fed6790000, 0x000001fed6c50000, 0x000001feddcc0000]
CodeHeap 'profiled nmethods': size=120000Kb used=16491Kb max_used=16491Kb free=103509Kb
 bounds [0x000001fececc0000, 0x000001fecfce0000, 0x000001fed61f0000]
CodeHeap 'non-nmethods': size=5760Kb used=2161Kb max_used=2212Kb free=3598Kb
 bounds [0x000001fed61f0000, 0x000001fed6460000, 0x000001fed6790000]
CodeCache: size=245760Kb, used=23488Kb, max_used=23539Kb, free=222270Kb
 total_blobs=9655, nmethods=8811, adapters=748, full_count=0
Compilation: enabled, stopped_count=0, restarted_count=0

Compilation events (20 events):
Event: 37.048 Thread 0x000001fee2ba3f20 nmethod 10261 0x000001fed6c44910 code [0x000001fed6c44aa0, 0x000001fed6c44b68]
Event: 37.097 Thread 0x000001fee2ba3f20 10262       3       org.gradle.api.internal.plugins.DefaultPluginRegistry$PluginIdLookupCacheKey::hashCode (23 bytes)
Event: 37.097 Thread 0x000001fee2ba3f20 nmethod 10262 0x000001fecfcd6f10 code [0x000001fecfcd70e0, 0x000001fecfcd7388]
Event: 37.191 Thread 0x000001fee2ba3f20 10263       3       java.util.concurrent.ConcurrentHashMap::values (25 bytes)
Event: 37.192 Thread 0x000001fee2ba3f20 nmethod 10263 0x000001fecfcd7490 code [0x000001fecfcd7660, 0x000001fecfcd79e8]
Event: 37.199 Thread 0x000001fee2ba3f20 10264       3       org.gradle.internal.classloader.CachingClassLoader::equals (33 bytes)
Event: 37.199 Thread 0x000001fee2ba3f20 nmethod 10264 0x000001fecfcd7b10 code [0x000001fecfcd7ce0, 0x000001fecfcd8130]
Event: 37.356 Thread 0x000001fee2b987a0 10265       4       jdk.internal.loader.URLClassPath$JarLoader$2::getCodeSourceURL (8 bytes)
Event: 37.357 Thread 0x000001fee2b987a0 nmethod 10265 0x000001fed6c44c10 code [0x000001fed6c44da0, 0x000001fed6c44e48]
Event: 37.415 Thread 0x000001fee2b987a0 10266 %     4       org.objectweb.asm.ByteVector::encodeUtf8 @ 12 (337 bytes)
Event: 37.416 Thread 0x000001fee2ba3f20 10267       3       org.gradle.internal.instantiation.generator.AsmBackedClassGenerator$ClassBuilderImpl::visitArrayElements (227 bytes)
Event: 37.417 Thread 0x000001fee2ba3f20 nmethod 10267 0x000001fecfcd8210 code [0x000001fecfcd8560, 0x000001fecfcd95a0]
Event: 37.428 Thread 0x000001fee2b987a0 nmethod 10266% 0x000001fed6c44f10 code [0x000001fed6c45120, 0x000001fed6c45ce8]
Event: 37.540 Thread 0x000001fee2b987a0 10268       4       sun.nio.fs.NativeBuffers::getNativeBufferFromCache (51 bytes)
Event: 37.545 Thread 0x000001fee2b987a0 nmethod 10268 0x000001fed6c46410 code [0x000001fed6c465c0, 0x000001fed6c46868]
Event: 37.640 Thread 0x000001fee2b987a0 10269       4       java.beans.Introspector::decapitalize (68 bytes)
Event: 37.654 Thread 0x000001fee2b987a0 nmethod 10269 0x000001fed6c46b90 code [0x000001fed6c46dc0, 0x000001fed6c479e0]
Event: 37.673 Thread 0x000001fee2b987a0 10270       4       sun.reflect.annotation.AnnotationInvocationHandler::invoke (182 bytes)
Event: 37.685 Thread 0x000001fee2b987a0 nmethod 10270 0x000001fed6c48090 code [0x000001fed6c48300, 0x000001fed6c48ad0]
Event: 37.686 Thread 0x000001fee2b987a0 10273       4       org.objectweb.asm.MethodWriter::computeAllFrames (510 bytes)

GC Heap History (20 events):
Event: 25.829 GC heap before
{Heap before GC invocations=24 (full 0):
 garbage-first heap   total 88064K, used 79674K [0x0000000080000000, 0x0000000100000000)
  region size 1024K, 31 young (31744K), 2 survivors (2048K)
 Metaspace       used 71787K, committed 73728K, reserved 1114112K
  class space    used 10214K, committed 11136K, reserved 1048576K
}
Event: 25.835 GC heap after
{Heap after GC invocations=25 (full 0):
 garbage-first heap   total 88064K, used 51678K [0x0000000080000000, 0x0000000100000000)
  region size 1024K, 2 young (2048K), 2 survivors (2048K)
 Metaspace       used 71787K, committed 73728K, reserved 1114112K
  class space    used 10214K, committed 11136K, reserved 1048576K
}
Event: 26.566 GC heap before
{Heap before GC invocations=25 (full 0):
 garbage-first heap   total 88064K, used 80350K [0x0000000080000000, 0x0000000100000000)
  region size 1024K, 31 young (31744K), 2 survivors (2048K)
 Metaspace       used 72105K, committed 74048K, reserved 1114112K
  class space    used 10261K, committed 11200K, reserved 1048576K
}
Event: 26.575 GC heap after
{Heap after GC invocations=26 (full 0):
 garbage-first heap   total 88064K, used 53832K [0x0000000080000000, 0x0000000100000000)
  region size 1024K, 4 young (4096K), 4 survivors (4096K)
 Metaspace       used 72105K, committed 74048K, reserved 1114112K
  class space    used 10261K, committed 11200K, reserved 1048576K
}
Event: 27.729 GC heap before
{Heap before GC invocations=27 (full 0):
 garbage-first heap   total 91136K, used 89672K [0x0000000080000000, 0x0000000100000000)
  region size 1024K, 31 young (31744K), 4 survivors (4096K)
 Metaspace       used 73395K, committed 75328K, reserved 1114112K
  class space    used 10403K, committed 11328K, reserved 1048576K
}
Event: 27.743 GC heap after
{Heap after GC invocations=28 (full 0):
 garbage-first heap   total 103424K, used 70165K [0x0000000080000000, 0x0000000100000000)
  region size 1024K, 4 young (4096K), 4 survivors (4096K)
 Metaspace       used 73395K, committed 75328K, reserved 1114112K
  class space    used 10403K, committed 11328K, reserved 1048576K
}
Event: 28.409 GC heap before
{Heap before GC invocations=28 (full 0):
 garbage-first heap   total 103424K, used 93717K [0x0000000080000000, 0x0000000100000000)
  region size 1024K, 27 young (27648K), 4 survivors (4096K)
 Metaspace       used 75123K, committed 77056K, reserved 1114112K
  class space    used 10644K, committed 11584K, reserved 1048576K
}
Event: 28.418 GC heap after
{Heap after GC invocations=29 (full 0):
 garbage-first heap   total 103424K, used 71285K [0x0000000080000000, 0x0000000100000000)
  region size 1024K, 1 young (1024K), 1 survivors (1024K)
 Metaspace       used 75123K, committed 77056K, reserved 1114112K
  class space    used 10644K, committed 11584K, reserved 1048576K
}
Event: 29.214 GC heap before
{Heap before GC invocations=29 (full 0):
 garbage-first heap   total 103424K, used 93813K [0x0000000080000000, 0x0000000100000000)
  region size 1024K, 24 young (24576K), 1 survivors (1024K)
 Metaspace       used 77140K, committed 79104K, reserved 1179648K
  class space    used 10844K, committed 11776K, reserved 1048576K
}
Event: 29.222 GC heap after
{Heap after GC invocations=30 (full 0):
 garbage-first heap   total 124928K, used 71665K [0x0000000080000000, 0x0000000100000000)
  region size 1024K, 2 young (2048K), 2 survivors (2048K)
 Metaspace       used 77140K, committed 79104K, reserved 1179648K
  class space    used 10844K, committed 11776K, reserved 1048576K
}
Event: 30.377 GC heap before
{Heap before GC invocations=31 (full 0):
 garbage-first heap   total 124928K, used 110577K [0x0000000080000000, 0x0000000100000000)
  region size 1024K, 40 young (40960K), 2 survivors (2048K)
 Metaspace       used 81059K, committed 83072K, reserved 1179648K
  class space    used 11314K, committed 12288K, reserved 1048576K
}
Event: 30.390 GC heap after
{Heap after GC invocations=32 (full 0):
 garbage-first heap   total 124928K, used 72844K [0x0000000080000000, 0x0000000100000000)
  region size 1024K, 3 young (3072K), 3 survivors (3072K)
 Metaspace       used 81059K, committed 83072K, reserved 1179648K
  class space    used 11314K, committed 12288K, reserved 1048576K
}
Event: 31.825 GC heap before
{Heap before GC invocations=32 (full 0):
 garbage-first heap   total 124928K, used 114828K [0x0000000080000000, 0x0000000100000000)
  region size 1024K, 42 young (43008K), 3 survivors (3072K)
 Metaspace       used 85572K, committed 87616K, reserved 1179648K
  class space    used 11948K, committed 12928K, reserved 1048576K
}
Event: 31.834 GC heap after
{Heap after GC invocations=33 (full 0):
 garbage-first heap   total 124928K, used 76147K [0x0000000080000000, 0x0000000100000000)
  region size 1024K, 5 young (5120K), 5 survivors (5120K)
 Metaspace       used 85572K, committed 87616K, reserved 1179648K
  class space    used 11948K, committed 12928K, reserved 1048576K
}
Event: 32.914 GC heap before
{Heap before GC invocations=33 (full 0):
 garbage-first heap   total 124928K, used 111987K [0x0000000080000000, 0x0000000100000000)
  region size 1024K, 41 young (41984K), 5 survivors (5120K)
 Metaspace       used 88752K, committed 90816K, reserved 1179648K
  class space    used 12378K, committed 13376K, reserved 1048576K
}
Event: 32.930 GC heap after
{Heap after GC invocations=34 (full 0):
 garbage-first heap   total 124928K, used 78703K [0x0000000080000000, 0x0000000100000000)
  region size 1024K, 6 young (6144K), 6 survivors (6144K)
 Metaspace       used 88752K, committed 90816K, reserved 1179648K
  class space    used 12378K, committed 13376K, reserved 1048576K
}
Event: 33.956 GC heap before
{Heap before GC invocations=35 (full 0):
 garbage-first heap   total 142336K, used 119663K [0x0000000080000000, 0x0000000100000000)
  region size 1024K, 41 young (41984K), 6 survivors (6144K)
 Metaspace       used 90347K, committed 92416K, reserved 1179648K
  class space    used 12602K, committed 13632K, reserved 1048576K
}
Event: 33.968 GC heap after
{Heap after GC invocations=36 (full 0):
 garbage-first heap   total 142336K, used 83044K [0x0000000080000000, 0x0000000100000000)
  region size 1024K, 6 young (6144K), 6 survivors (6144K)
 Metaspace       used 90347K, committed 92416K, reserved 1179648K
  class space    used 12602K, committed 13632K, reserved 1048576K
}
Event: 35.934 GC heap before
{Heap before GC invocations=36 (full 0):
 garbage-first heap   total 142336K, used 125028K [0x0000000080000000, 0x0000000100000000)
  region size 1024K, 47 young (48128K), 6 survivors (6144K)
 Metaspace       used 93141K, committed 95232K, reserved 1179648K
  class space    used 12972K, committed 14016K, reserved 1048576K
}
Event: 35.949 GC heap after
{Heap after GC invocations=37 (full 0):
 garbage-first heap   total 142336K, used 84700K [0x0000000080000000, 0x0000000100000000)
  region size 1024K, 3 young (3072K), 3 survivors (3072K)
 Metaspace       used 93141K, committed 95232K, reserved 1179648K
  class space    used 12972K, committed 14016K, reserved 1048576K
}

Dll operation events (3 events):
Event: 0.017 Loaded shared library C:\Program Files\Android\Android Studio\jbr\bin\java.dll
Event: 0.026 Loaded shared library C:\Program Files\Android\Android Studio\jbr\bin\zip.dll
Event: 3.238 Loaded shared library C:\Program Files\Android\Android Studio\jbr\bin\verify.dll

Deoptimization events (20 events):
Event: 36.021 Thread 0x000001fee82b1fe0 Uncommon trap: trap_request=0xffffffc6 fr.pc=0x000001fed6a6fdac relative=0x00000000000000ec
Event: 36.021 Thread 0x000001fee82b1fe0 Uncommon trap: reason=bimorphic_or_optimized_type_check action=maybe_recompile pc=0x000001fed6a6fdac method=com.google.common.collect.AbstractIndexedListIterator.next()Ljava/lang/Object; @ 27 c2
Event: 36.021 Thread 0x000001fee82b1fe0 DEOPT PACKING pc=0x000001fed6a6fdac sp=0x000000474e6f8a90
Event: 36.021 Thread 0x000001fee82b1fe0 DEOPT UNPACKING pc=0x000001fed6247aa2 sp=0x000000474e6f8a20 mode 2
Event: 36.021 Thread 0x000001fee82b1fe0 Uncommon trap: trap_request=0xffffffc6 fr.pc=0x000001fed6a6fdac relative=0x00000000000000ec
Event: 36.021 Thread 0x000001fee82b1fe0 Uncommon trap: reason=bimorphic_or_optimized_type_check action=maybe_recompile pc=0x000001fed6a6fdac method=com.google.common.collect.AbstractIndexedListIterator.next()Ljava/lang/Object; @ 27 c2
Event: 36.021 Thread 0x000001fee82b1fe0 DEOPT PACKING pc=0x000001fed6a6fdac sp=0x000000474e6f8a90
Event: 36.021 Thread 0x000001fee82b1fe0 DEOPT UNPACKING pc=0x000001fed6247aa2 sp=0x000000474e6f8a20 mode 2
Event: 36.317 Thread 0x000001fee82b1fe0 Uncommon trap: trap_request=0xffffff76 fr.pc=0x000001fed6b8e39c relative=0x000000000000161c
Event: 36.317 Thread 0x000001fee82b1fe0 Uncommon trap: reason=predicate action=maybe_recompile pc=0x000001fed6b8e39c method=java.util.TimSort.reverseRange([Ljava/lang/Object;II)V @ 5 c2
Event: 36.317 Thread 0x000001fee82b1fe0 DEOPT PACKING pc=0x000001fed6b8e39c sp=0x000000474e6f8840
Event: 36.317 Thread 0x000001fee82b1fe0 DEOPT UNPACKING pc=0x000001fed6247aa2 sp=0x000000474e6f8678 mode 2
Event: 36.462 Thread 0x000001fee82b1fe0 Uncommon trap: trap_request=0xffffff45 fr.pc=0x000001fed6b117fc relative=0x000000000000031c
Event: 36.462 Thread 0x000001fee82b1fe0 Uncommon trap: reason=unstable_if action=reinterpret pc=0x000001fed6b117fc method=sun.nio.fs.NativeBuffers.releaseNativeBuffer(Lsun/nio/fs/NativeBuffer;)V @ 35 c2
Event: 36.462 Thread 0x000001fee82b1fe0 DEOPT PACKING pc=0x000001fed6b117fc sp=0x000000474e6f77e0
Event: 36.462 Thread 0x000001fee82b1fe0 DEOPT UNPACKING pc=0x000001fed6247aa2 sp=0x000000474e6f7788 mode 2
Event: 37.415 Thread 0x000001fee82b1fe0 Uncommon trap: trap_request=0xfffffff4 fr.pc=0x000001fed6c297f0 relative=0x00000000000000d0
Event: 37.415 Thread 0x000001fee82b1fe0 Uncommon trap: reason=null_check action=make_not_entrant pc=0x000001fed6c297f0 method=java.lang.Class.isEnum()Z @ 1 c2
Event: 37.415 Thread 0x000001fee82b1fe0 DEOPT PACKING pc=0x000001fed6c297f0 sp=0x000000474e6f7690
Event: 37.415 Thread 0x000001fee82b1fe0 DEOPT UNPACKING pc=0x000001fed6247aa2 sp=0x000000474e6f7630 mode 2

Classes loaded (20 events):
Event: 32.893 Loading class java/util/Base64
Event: 32.893 Loading class java/util/Base64 done
Event: 32.893 Loading class java/util/Base64$Decoder
Event: 32.894 Loading class java/util/Base64$Decoder done
Event: 32.894 Loading class java/util/Base64$Encoder
Event: 32.894 Loading class java/util/Base64$Encoder done
Event: 32.897 Loading class java/util/jar/JarVerifier$VerifierStream
Event: 32.897 Loading class java/util/jar/JarVerifier$VerifierStream done
Event: 32.897 Loading class sun/security/util/ManifestEntryVerifier$SunProviderHolder
Event: 32.898 Loading class sun/security/util/ManifestEntryVerifier$SunProviderHolder done
Event: 33.623 Loading class java/lang/foreign/ValueLayout
Event: 33.625 Loading class java/lang/foreign/MemoryLayout
Event: 33.626 Loading class java/lang/foreign/MemoryLayout done
Event: 33.626 Loading class java/lang/foreign/ValueLayout done
Event: 34.908 Loading class java/security/KeyStore
Event: 34.914 Loading class java/security/KeyStore done
Event: 35.492 Loading class javax/xml/stream/XMLStreamException
Event: 35.493 Loading class javax/xml/stream/XMLStreamException done
Event: 35.559 Loading class sun/reflect/annotation/AnnotationInvocationHandler$1
Event: 35.560 Loading class sun/reflect/annotation/AnnotationInvocationHandler$1 done

Classes unloaded (0 events):
No events

Classes redefined (0 events):
No events

Internal exceptions (20 events):
Event: 37.626 Thread 0x000001fee82b1fe0 Exception <a 'sun/nio/fs/WindowsException'{0x0000000086e35730}> (0x0000000086e35730) 
thrown [s\src\hotspot\share\prims\jni.cpp, line 537]
Event: 37.631 Thread 0x000001fee82b1fe0 Exception <a 'sun/nio/fs/WindowsException'{0x0000000086e41678}> (0x0000000086e41678) 
thrown [s\src\hotspot\share\prims\jni.cpp, line 537]
Event: 37.632 Thread 0x000001fee82b1fe0 Exception <a 'sun/nio/fs/WindowsException'{0x0000000086e4d420}> (0x0000000086e4d420) 
thrown [s\src\hotspot\share\prims\jni.cpp, line 537]
Event: 37.633 Thread 0x000001fee82b1fe0 Exception <a 'sun/nio/fs/WindowsException'{0x0000000086e5a600}> (0x0000000086e5a600) 
thrown [s\src\hotspot\share\prims\jni.cpp, line 537]
Event: 37.638 Thread 0x000001fee82b1fe0 Exception <a 'sun/nio/fs/WindowsException'{0x0000000086e66ec0}> (0x0000000086e66ec0) 
thrown [s\src\hotspot\share\prims\jni.cpp, line 537]
Event: 37.639 Thread 0x000001fee82b1fe0 Exception <a 'sun/nio/fs/WindowsException'{0x0000000086e74dd8}> (0x0000000086e74dd8) 
thrown [s\src\hotspot\share\prims\jni.cpp, line 537]
Event: 37.641 Thread 0x000001fee82b1fe0 Exception <a 'sun/nio/fs/WindowsException'{0x0000000086e87468}> (0x0000000086e87468) 
thrown [s\src\hotspot\share\prims\jni.cpp, line 537]
Event: 37.656 Thread 0x000001fee82b1fe0 Exception <a 'sun/nio/fs/WindowsException'{0x0000000086e94eb0}> (0x0000000086e94eb0) 
thrown [s\src\hotspot\share\prims\jni.cpp, line 537]
Event: 37.658 Thread 0x000001fee82b1fe0 Exception <a 'sun/nio/fs/WindowsException'{0x0000000086ea0e90}> (0x0000000086ea0e90) 
thrown [s\src\hotspot\share\prims\jni.cpp, line 537]
Event: 37.667 Thread 0x000001fee82b1fe0 Exception <a 'sun/nio/fs/WindowsException'{0x0000000086ec3c58}> (0x0000000086ec3c58) 
thrown [s\src\hotspot\share\prims\jni.cpp, line 537]
Event: 37.671 Thread 0x000001fee82b1fe0 Exception <a 'sun/nio/fs/WindowsException'{0x0000000086ee31b0}> (0x0000000086ee31b0) 
thrown [s\src\hotspot\share\prims\jni.cpp, line 537]
Event: 37.672 Thread 0x000001fee82b1fe0 Exception <a 'sun/nio/fs/WindowsException'{0x0000000086efbad8}> (0x0000000086efbad8) 
thrown [s\src\hotspot\share\prims\jni.cpp, line 537]
Event: 37.683 Thread 0x000001fee82b1fe0 Exception <a 'sun/nio/fs/WindowsException'{0x0000000086d8bd78}> (0x0000000086d8bd78) 
thrown [s\src\hotspot\share\prims\jni.cpp, line 537]
Event: 37.688 Thread 0x000001fee82b1fe0 Exception <a 'sun/nio/fs/WindowsException'{0x0000000086db10c0}> (0x0000000086db10c0) 
thrown [s\src\hotspot\share\prims\jni.cpp, line 537]
Event: 37.690 Thread 0x000001fee82b1fe0 Exception <a 'sun/nio/fs/WindowsException'{0x0000000086dbeaf0}> (0x0000000086dbeaf0) 
thrown [s\src\hotspot\share\prims\jni.cpp, line 537]
Event: 37.691 Thread 0x000001fee82b1fe0 Exception <a 'sun/nio/fs/WindowsException'{0x0000000086dd46e8}> (0x0000000086dd46e8) 
thrown [s\src\hotspot\share\prims\jni.cpp, line 537]
Event: 37.692 Thread 0x000001fee82b1fe0 Exception <a 'sun/nio/fs/WindowsException'{0x0000000086de3a48}> (0x0000000086de3a48) 
thrown [s\src\hotspot\share\prims\jni.cpp, line 537]
Event: 37.729 Thread 0x000001fee82b1fe0 Exception <a 'sun/nio/fs/WindowsException'{0x0000000086c02a18}> (0x0000000086c02a18) 
thrown [s\src\hotspot\share\prims\jni.cpp, line 537]
Event: 37.731 Thread 0x000001fee82b1fe0 Exception <a 'sun/nio/fs/WindowsException'{0x0000000086c11480}> (0x0000000086c11480) 
thrown [s\src\hotspot\share\prims\jni.cpp, line 537]
Event: 37.740 Thread 0x000001fee82b1fe0 Exception <a 'sun/nio/fs/WindowsException'{0x0000000086c22770}> (0x0000000086c22770) 
thrown [s\src\hotspot\share\prims\jni.cpp, line 537]

ZGC Phase Switch (0 events):
No events

VM Operations (20 events):
Event: 32.460 Executing non-safepoint VM operation: HandshakeAllThreads (Deoptimize)
Event: 32.460 Executing non-safepoint VM operation: HandshakeAllThreads (Deoptimize) done
Event: 32.741 Executing non-safepoint VM operation: HandshakeAllThreads (Deoptimize)
Event: 32.741 Executing non-safepoint VM operation: HandshakeAllThreads (Deoptimize) done
Event: 32.826 Executing non-safepoint VM operation: HandshakeAllThreads (Deoptimize)
Event: 32.826 Executing non-safepoint VM operation: HandshakeAllThreads (Deoptimize) done
Event: 32.914 Executing safepoint VM operation: G1TryInitiateConcMark (G1 Humongous Allocation)
Event: 32.930 Executing safepoint VM operation: G1TryInitiateConcMark (G1 Humongous Allocation) done
Event: 33.069 Executing safepoint VM operation: G1PauseRemark
Event: 33.090 Executing safepoint VM operation: G1PauseRemark done
Event: 33.141 Executing safepoint VM operation: G1PauseCleanup
Event: 33.142 Executing safepoint VM operation: G1PauseCleanup done
Event: 33.956 Executing safepoint VM operation: G1CollectForAllocation (G1 Evacuation Pause)
Event: 33.968 Executing safepoint VM operation: G1CollectForAllocation (G1 Evacuation Pause) done
Event: 34.970 Executing safepoint VM operation: Cleanup
Event: 34.978 Executing safepoint VM operation: Cleanup done
Event: 35.934 Executing safepoint VM operation: G1CollectForAllocation (G1 Evacuation Pause)
Event: 35.949 Executing safepoint VM operation: G1CollectForAllocation (G1 Evacuation Pause) done
Event: 36.953 Executing safepoint VM operation: Cleanup
Event: 36.953 Executing safepoint VM operation: Cleanup done

Memory protections (0 events):
No events

Nmethod flushes (20 events):
Event: 33.088 Thread 0x000001fee29a5760 flushing  nmethod 0x000001feceddff10
Event: 33.088 Thread 0x000001fee29a5760 flushing  nmethod 0x000001fecede3f90
Event: 33.088 Thread 0x000001fee29a5760 flushing  nmethod 0x000001fecede4e90
Event: 33.088 Thread 0x000001fee29a5760 flushing  nmethod 0x000001fecef1b590
Event: 33.088 Thread 0x000001fee29a5760 flushing  nmethod 0x000001fecef4af10
Event: 33.088 Thread 0x000001fee29a5760 flushing  nmethod 0x000001fecef4b390
Event: 33.088 Thread 0x000001fee29a5760 flushing  nmethod 0x000001feceff3290
Event: 33.088 Thread 0x000001fee29a5760 flushing  nmethod 0x000001fecf008710
Event: 33.088 Thread 0x000001fee29a5760 flushing  nmethod 0x000001fecf111110
Event: 33.088 Thread 0x000001fee29a5760 flushing  nmethod 0x000001fecf21ef10
Event: 33.088 Thread 0x000001fee29a5760 flushing  nmethod 0x000001fecf326a90
Event: 33.088 Thread 0x000001fee29a5760 flushing  nmethod 0x000001fecf3e5410
Event: 33.088 Thread 0x000001fee29a5760 flushing  nmethod 0x000001fecf46f890
Event: 33.088 Thread 0x000001fee29a5760 flushing  nmethod 0x000001fecf476a10
Event: 33.088 Thread 0x000001fee29a5760 flushing  nmethod 0x000001fecf664990
Event: 33.088 Thread 0x000001fee29a5760 flushing  nmethod 0x000001fecf666c90
Event: 33.088 Thread 0x000001fee29a5760 flushing  nmethod 0x000001fecf783490
Event: 33.088 Thread 0x000001fee29a5760 flushing  nmethod 0x000001fecf807790
Event: 33.088 Thread 0x000001fee29a5760 flushing  nmethod 0x000001fecf823690
Event: 33.088 Thread 0x000001fee29a5760 flushing  nmethod 0x000001fecf974090

Events (20 events):
Event: 11.830 Thread 0x000001fee82b1fe0 Thread added: 0x000001feebf2cea0
Event: 11.838 Thread 0x000001fee82b1fe0 Thread added: 0x000001feebf2c810
Event: 12.073 Thread 0x000001fee82b1fe0 Thread added: 0x000001feebf29390
Event: 12.256 Thread 0x000001fee82b1fe0 Thread added: 0x000001feebf2ef70
Event: 12.774 Thread 0x000001fee82b1fe0 Thread added: 0x000001feebf2a740
Event: 12.863 Thread 0x000001fee82b1fe0 Thread added: 0x000001feebf2e250
Event: 13.239 Thread 0x000001fee82b1fe0 Thread added: 0x000001feebf2f600
Event: 13.406 Thread 0x000001fee82b1fe0 Thread added: 0x000001feebf28d00
Event: 14.555 Thread 0x000001feea366b30 Thread exited: 0x000001feea366b30
Event: 14.787 Thread 0x000001fee82b1fe0 Thread added: 0x000001feebf2d530
Event: 16.360 Thread 0x000001fee82b1fe0 Thread added: 0x000001feebf2add0
Event: 16.365 Thread 0x000001fee82b1fe0 Thread added: 0x000001feebf2fc90
Event: 16.371 Thread 0x000001fee82b1fe0 Thread added: 0x000001feebf2b460
Event: 16.461 Thread 0x000001fee2ba3f20 Thread added: 0x000001fee8e87030
Event: 16.629 Thread 0x000001fee82b1fe0 Thread added: 0x000001feebf2dbc0
Event: 17.230 Thread 0x000001fee8e87030 Thread exited: 0x000001fee8e87030
Event: 17.411 Thread 0x000001fee82b1fe0 Thread added: 0x000001feebf2baf0
Event: 29.551 Thread 0x000001fee82b1fe0 Thread added: 0x000001fee9535b30
Event: 30.684 Thread 0x000001fee82b1fe0 Thread added: 0x000001fee9537570
Event: 32.042 Thread 0x000001fee82b1fe0 Thread added: 0x000001fee9532020


Dynamic libraries:
0x00007ff75e780000 - 0x00007ff75e78a000 	C:\Program Files\Android\Android Studio\jbr\bin\java.exe
0x00007ffb50410000 - 0x00007ffb50628000 	C:\Windows\SYSTEM32\ntdll.dll
0x00007ffb4f2b0000 - 0x00007ffb4f374000 	C:\Windows\System32\KERNEL32.DLL
0x00007ffb4d7b0000 - 0x00007ffb4db83000 	C:\Windows\System32\KERNELBASE.dll
0x00007ffb4d550000 - 0x00007ffb4d661000 	C:\Windows\System32\ucrtbase.dll
0x00007ffb489f0000 - 0x00007ffb48a08000 	C:\Program Files\Android\Android Studio\jbr\bin\jli.dll
0x00007ffb489d0000 - 0x00007ffb489eb000 	C:\Program Files\Android\Android Studio\jbr\bin\VCRUNTIME140.dll
0x00007ffb4f0d0000 - 0x00007ffb4f282000 	C:\Windows\System32\USER32.dll
0x00007ffb3d0c0000 - 0x00007ffb3d35c000 	C:\Windows\WinSxS\amd64_microsoft.windows.common-controls_6595b64144ccf1df_6.0.22621.6060_none_2712eda17382d24b\COMCTL32.dll
0x00007ffb4e080000 - 0x00007ffb4e0a6000 	C:\Windows\System32\win32u.dll
0x00007ffb4ebd0000 - 0x00007ffb4ec77000 	C:\Windows\System32\msvcrt.dll
0x00007ffb4ec80000 - 0x00007ffb4eca9000 	C:\Windows\System32\GDI32.dll
0x00007ffb4df60000 - 0x00007ffb4e07b000 	C:\Windows\System32\gdi32full.dll
0x00007ffb4dd00000 - 0x00007ffb4dd9a000 	C:\Windows\System32\msvcp_win.dll
0x00007ffb4e0b0000 - 0x00007ffb4e0e1000 	C:\Windows\System32\IMM32.DLL
0x00007ffb49740000 - 0x00007ffb4974c000 	C:\Program Files\Android\Android Studio\jbr\bin\vcruntime140_1.dll
0x00007ffb0d3e0000 - 0x00007ffb0d46d000 	C:\Program Files\Android\Android Studio\jbr\bin\msvcp140.dll
0x00007ffabd280000 - 0x00007ffabdf16000 	C:\Program Files\Android\Android Studio\jbr\bin\server\jvm.dll
0x00007ffb4fc60000 - 0x00007ffb4fd11000 	C:\Windows\System32\ADVAPI32.dll
0x00007ffb4fb50000 - 0x00007ffb4fbf8000 	C:\Windows\System32\sechost.dll
0x00007ffb4d520000 - 0x00007ffb4d548000 	C:\Windows\System32\bcrypt.dll
0x00007ffb4e200000 - 0x00007ffb4e318000 	C:\Windows\System32\RPCRT4.dll
0x00007ffb501a0000 - 0x00007ffb50211000 	C:\Windows\System32\WS2_32.dll
0x00007ffb4c330000 - 0x00007ffb4c37d000 	C:\Windows\SYSTEM32\POWRPROF.dll
0x00007ffb44770000 - 0x00007ffb447a4000 	C:\Windows\SYSTEM32\WINMM.dll
0x00007ffb43760000 - 0x00007ffb4376a000 	C:\Windows\SYSTEM32\VERSION.dll
0x00007ffb4c310000 - 0x00007ffb4c323000 	C:\Windows\SYSTEM32\UMPDC.dll
0x00007ffb4c5b0000 - 0x00007ffb4c5c8000 	C:\Windows\SYSTEM32\kernel.appcore.dll
0x00007ffb49580000 - 0x00007ffb4958a000 	C:\Program Files\Android\Android Studio\jbr\bin\jimage.dll
0x00007ffb4ab90000 - 0x00007ffb4adc3000 	C:\Windows\SYSTEM32\DBGHELP.DLL
0x00007ffb4ecb0000 - 0x00007ffb4f041000 	C:\Windows\System32\combase.dll
0x00007ffb500b0000 - 0x00007ffb50188000 	C:\Windows\System32\OLEAUT32.dll
0x00007ffb2aea0000 - 0x00007ffb2aed2000 	C:\Windows\SYSTEM32\dbgcore.DLL
0x00007ffb4dee0000 - 0x00007ffb4df5b000 	C:\Windows\System32\bcryptPrimitives.dll
0x00007ffb447c0000 - 0x00007ffb447ce000 	C:\Program Files\Android\Android Studio\jbr\bin\instrument.dll
0x00007ffb47280000 - 0x00007ffb472a0000 	C:\Program Files\Android\Android Studio\jbr\bin\java.dll
0x00007ffb47260000 - 0x00007ffb47278000 	C:\Program Files\Android\Android Studio\jbr\bin\zip.dll
0x00007ffb4e330000 - 0x00007ffb4ebcc000 	C:\Windows\System32\SHELL32.dll
0x00007ffb4d670000 - 0x00007ffb4d7af000 	C:\Windows\System32\wintypes.dll
0x00007ffb4b3e0000 - 0x00007ffb4bcfa000 	C:\Windows\SYSTEM32\windows.storage.dll
0x00007ffb4f970000 - 0x00007ffb4fa74000 	C:\Windows\System32\SHCORE.dll
0x00007ffb4fd20000 - 0x00007ffb4fd89000 	C:\Windows\System32\shlwapi.dll
0x00007ffb4d450000 - 0x00007ffb4d475000 	C:\Windows\SYSTEM32\profapi.dll
0x00007ffb490c0000 - 0x00007ffb490d0000 	C:\Program Files\Android\Android Studio\jbr\bin\net.dll
0x00007ffb48ef0000 - 0x00007ffb4901c000 	C:\Windows\SYSTEM32\WINHTTP.dll
0x00007ffb4ca90000 - 0x00007ffb4caf9000 	C:\Windows\system32\mswsock.dll
0x00007ffb46a10000 - 0x00007ffb46a26000 	C:\Program Files\Android\Android Studio\jbr\bin\nio.dll
0x00007ffb46540000 - 0x00007ffb46550000 	C:\Program Files\Android\Android Studio\jbr\bin\verify.dll
0x00007ffb48e20000 - 0x00007ffb48e47000 	C:\Users\prave\.gradle\native\660c5614fbf4a5f2a75b1949f50a0caf5cd603558e7d8a26e50b933a0cfb79d1\windows-amd64\native-platform.dll
0x00007ffb0ca60000 - 0x00007ffb0cad7000 	C:\Users\prave\.gradle\native\0.2.8\x86_64-windows-gnu\gradle-fileevents.dll
0x00007ffb46a00000 - 0x00007ffb46a09000 	C:\Program Files\Android\Android Studio\jbr\bin\management.dll
0x00007ffb469d0000 - 0x00007ffb469db000 	C:\Program Files\Android\Android Studio\jbr\bin\management_ext.dll
0x00007ffb4e320000 - 0x00007ffb4e328000 	C:\Windows\System32\PSAPI.DLL
0x00007ffb4bfd0000 - 0x00007ffb4bffd000 	C:\Windows\SYSTEM32\IPHLPAPI.DLL
0x00007ffb4fa90000 - 0x00007ffb4fa99000 	C:\Windows\System32\NSI.dll
0x00007ffb47200000 - 0x00007ffb47209000 	C:\Program Files\Android\Android Studio\jbr\bin\extnet.dll
0x00007ffb4cd20000 - 0x00007ffb4cd3b000 	C:\Windows\SYSTEM32\CRYPTSP.dll
0x00007ffb4c510000 - 0x00007ffb4c547000 	C:\Windows\system32\rsaenh.dll
0x00007ffb4cba0000 - 0x00007ffb4cbc8000 	C:\Windows\SYSTEM32\USERENV.dll
0x00007ffb4cd40000 - 0x00007ffb4cd4c000 	C:\Windows\SYSTEM32\CRYPTBASE.dll
0x00007ffb40210000 - 0x00007ffb40218000 	C:\Windows\system32\wshunix.dll

JVMTI agents:
C:\Users\prave\.gradle\wrapper\dists\gradle-9.4.1-bin\arn2x92ynaizyzdaamcbpbhtj\gradle-9.4.1\lib\agents\gradle-instrumentation-agent-9.4.1.jar path:C:\Program Files\Android\Android Studio\jbr\bin\instrument.dll, loaded, initialized, instrumentlib options:none

dbghelp: loaded successfully - version: 4.0.5 - missing functions: none
symbol engine: initialized successfully - sym options: 0x614 - pdb path: .;C:\Program Files\Android\Android Studio\jbr\bin;C:\Windows\SYSTEM32;C:\Windows\WinSxS\amd64_microsoft.windows.common-controls_6595b64144ccf1df_6.0.22621.6060_none_2712eda17382d24b;C:\Program Files\Android\Android Studio\jbr\bin\server;C:\Users\prave\.gradle\native\660c5614fbf4a5f2a75b1949f50a0caf5cd603558e7d8a26e50b933a0cfb79d1\windows-amd64;C:\Users\prave\.gradle\native\0.2.8\x86_64-windows-gnu

VM Arguments:
jvm_args: --add-opens=java.base/java.lang=ALL-UNNAMED --add-opens=java.base/java.lang.invoke=ALL-UNNAMED --add-opens=java.base/java.util=ALL-UNNAMED --add-opens=java.prefs/java.util.prefs=ALL-UNNAMED --add-exports=jdk.compiler/com.sun.tools.javac.api=ALL-UNNAMED --add-exports=jdk.compiler/com.sun.tools.javac.util=ALL-UNNAMED --add-opens=java.base/java.util=ALL-UNNAMED --add-opens=java.prefs/java.util.prefs=ALL-UNNAMED --add-opens=java.base/java.nio.charset=ALL-UNNAMED --add-opens=java.base/java.net=ALL-UNNAMED --add-opens=java.base/java.util.concurrent=ALL-UNNAMED --add-opens=java.base/java.util.concurrent.atomic=ALL-UNNAMED --add-opens=java.xml/javax.xml.namespace=ALL-UNNAMED --add-opens=java.base/java.time=ALL-UNNAMED -Xmx2048m -Dfile.encoding=UTF-8 -Duser.country=IN -Duser.language=en -Duser.variant -javaagent:C:\Users\prave\.gradle\wrapper\dists\gradle-9.4.1-bin\arn2x92ynaizyzdaamcbpbhtj\gradle-9.4.1\lib\agents\gradle-instrumentation-agent-9.4.1.jar 
java_command: org.gradle.launcher.daemon.bootstrap.GradleDaemon 9.4.1
java_class_path (initial): C:\Users\prave\.gradle\wrapper\dists\gradle-9.4.1-bin\arn2x92ynaizyzdaamcbpbhtj\gradle-9.4.1\lib\gradle-daemon-main-9.4.1.jar
Launcher Type: SUN_STANDARD

[Global flags]
     intx CICompilerCount                          = 3                                         {product} {ergonomic}
     uint ConcGCThreads                            = 1                                         {product} {ergonomic}
     uint G1ConcRefinementThreads                  = 4                                         {product} {ergonomic}
   size_t G1HeapRegionSize                         = 1048576                                   {product} {ergonomic}
    uintx GCDrainStackTargetSize                   = 64                                        {product} {ergonomic}
   size_t InitialHeapSize                          = 130023424                                 {product} {ergonomic}
   size_t MarkStackSize                            = 4194304                                   {product} {ergonomic}
   size_t MaxHeapSize                              = 2147483648                                {product} {command line}
   size_t MaxNewSize                               = 1287651328                                {product} {ergonomic}
   size_t MinHeapDeltaBytes                        = 1048576                                   {product} {ergonomic}
   size_t MinHeapSize                              = 8388608                                   {product} {ergonomic}
    uintx NonNMethodCodeHeapSize                   = 5832780                                {pd product} {ergonomic}
    uintx NonProfiledCodeHeapSize                  = 122912730                              {pd product} {ergonomic}
    uintx ProfiledCodeHeapSize                     = 122912730                              {pd product} {ergonomic}
    uintx ReservedCodeCacheSize                    = 251658240                              {pd product} {ergonomic}
     bool SegmentedCodeCache                       = true                                      {product} {ergonomic}
   size_t SoftMaxHeapSize                          = 2147483648                             {manageable} {ergonomic}
     bool UseCompressedOops                        = true                           {product lp64_product} {ergonomic}
     bool UseG1GC                                  = true                                      {product} {ergonomic}
     bool UseLargePagesIndividualAllocation        = false                                  {pd product} {ergonomic}

Logging:
Log output configuration:
 #0: stdout all=warning uptime,level,tags foldmultilines=false
 #1: stderr all=off uptime,level,tags foldmultilines=false

Release file:
JAVA_VERSION="21.0.10" 
MODULES="java.base java.compiler java.datatransfer java.xml java.prefs java.desktop java.instrument java.logging java.management java.security.sasl java.naming java.rmi java.management.rmi java.net.http java.scripting java.security.jgss java.transaction.xa java.sql java.sql.rowset java.xml.crypto java.se java.smartcardio jdk.accessibility jdk.internal.jvmstat jdk.attach jdk.charsets jdk.internal.opt jdk.zipfs jdk.compiler jdk.crypto.ec jdk.crypto.cryptoki jdk.dynalink jdk.hotspot.agent jdk.httpserver jdk.internal.ed jdk.internal.le jdk.internal.vm.ci jdk.jartool jdk.javadoc jdk.jcmd jdk.jdeps jdk.jdwp.agent jdk.jdi jdk.jfr jdk.jlink jdk.jsobject jdk.localedata jdk.management jdk.management.agent jdk.management.jfr jdk.naming.dns jdk.naming.rmi jdk.net jdk.sctp jdk.security.auth jdk.security.jgss jdk.unsupported jdk.unsupported.desktop jdk.xml.dom" 
IMPLEMENTOR="JetBrains s.r.o." 
JAVA_RUNTIME_VERSION="21.0.10+-14961533-b1163.108" 
LIBC="default" 
OS_ARCH="x86_64" 
OS_NAME="Windows" 
SOURCE=".:git:1351622c2ff2" 

Environment Variables:
PATH=C:\Program Files\Python312\Scripts\;C:\Program Files\Python312\;C:\Windows\system32;C:\Windows;C:\Windows\System32\Wbem;C:\Windows\System32\WindowsPowerShell\v1.0\;C:\Windows\System32\OpenSSH\;C:\Program Files\dotnet\;C:\Program Files\IBM\SPSS\Statistics\23\JRE\bin;C:\Program Files\nodejs\;C:\ProgramData\chocolatey\bin;C:\Users\prave\AppData\Local\Programs\Python\Python314\Scripts\;C:\Users\prave\AppData\Local\Programs\Python\Python314\;C:\altera\91sp2\modelsim_ase\win32aloem;C:\altera\91sp2\modelsim_ase\modelsim_ase\win32aloem;C:\Users\prave\AppData\Local\Microsoft\WindowsApps;;C:\Users\prave\AppData\Local\Programs\Microsoft VS Code\bin;C:\Modeltech_pe_edu_10.3a\win32pe_edu;C:\Users\prave\AppData\Roaming\npm;C:\Users\prave\AppData\Local\Programs\Antigravity\bin
USERNAME=prave
OS=Windows_NT
PROCESSOR_IDENTIFIER=Intel64 Family 6 Model 140 Stepping 1, GenuineIntel
TMP=C:\Users\prave\AppData\Local\Temp
TEMP=C:\Users\prave\AppData\Local\Temp




Periodic native trim disabled

JNI global refs:
JNI global refs: 27, weak refs: 1

JNI global refs memory usage: 835, weak refs: 833

Process memory usage:
Resident Set Size: 361280K (4% of 8121124K total physical memory with 355212K free physical memory)

OOME stack traces (most recent first):
Classloader memory used:
Loader org.gradle.internal.classloader.VisitableURLClassLoader                         : 40329K
Loader bootstrap                                                                       : 26473K
Loader org.gradle.internal.classloader.VisitableURLClassLoader$InstrumentingVisitableURLClassLoader: 14866K
Loader org.gradle.initialization.MixInLegacyTypesClassLoader                           : 11987K
Loader jdk.internal.reflect.DelegatingClassLoader                                      : 236K
Loader org.gradle.internal.classloader.VisitableURLClassLoader                         : 217K
Loader jdk.internal.loader.ClassLoaders$AppClassLoader                                 : 189K
Loader jdk.internal.loader.ClassLoaders$PlatformClassLoader                            : 169K
Loader org.gradle.groovy.scripts.internal.DefaultScriptCompilationHandler$ScriptClassLoader: 118K

Classes loaded by more than one classloader:
Class Program                                                                         : loaded 5 times (x 72B)
Class Build_gradle                                                                    : loaded 3 times (x 126B)
Class com.google.common.collect.RegularImmutableMap$KeySet                            : loaded 2 times (x 152B)
Class org.gradle.internal.classloader.FilteringClassLoader                            : loaded 2 times (x 105B)
Class com.google.common.base.CharMatcher$IsEither                                     : loaded 2 times (x 111B)
Class org.gradle.internal.classloader.ClassLoaderHierarchy                            : loaded 2 times (x 70B)
Class com.google.common.collect.ImmutableEnumSet                                      : loaded 2 times (x 146B)
Class com.google.common.util.concurrent.ExecutionError                                : loaded 2 times (x 82B)
Class com.google.common.collect.ImmutableList$1                                       : loaded 2 times (x 97B)
Class com.google.common.collect.RegularImmutableMap                                   : loaded 2 times (x 121B)
Class com.google.common.collect.ImmutableMap$MapViewOfValuesAsSingletonSets           : loaded 2 times (x 126B)
Class [Lorg.objectweb.asm.Symbol;                                                     : loaded 2 times (x 69B)
Class org.objectweb.asm.ClassVisitor                                                  : loaded 2 times (x 88B)
Class com.google.common.collect.UnmodifiableListIterator                              : loaded 2 times (x 95B)
Class org.objectweb.asm.MethodTooLargeException                                       : loaded 2 times (x 83B)
Class [Lcom.google.common.cache.CacheBuilder$OneWeigher;                              : loaded 2 times (x 69B)
Class com.google.common.base.Suppliers                                                : loaded 2 times (x 71B)
Class org.gradle.internal.classloader.DefaultClassLoaderFactory                       : loaded 2 times (x 82B)
Class [Lcom.google.common.collect.ImmutableMapEntry;                                  : loaded 2 times (x 69B)
Class ijKotlinCoroutineJvmDebugInit1_ehvpe6xtk4q77b1m75r6vg650$_run_closure1$_closure2: loaded 2 times (x 139B)
Class com.google.common.collect.ListMultimap                                          : loaded 2 times (x 70B)
Class com.google.common.collect.ImmutableEnumMap                                      : loaded 2 times (x 126B)
Class com.google.common.collect.Sets$1                                                : loaded 2 times (x 139B)
Class org.objectweb.asm.AnnotationVisitor                                             : loaded 2 times (x 78B)
Class org.gradle.api.internal.DefaultClassPathProvider                                : loaded 2 times (x 76B)
Class com.google.common.collect.Sets$2                                                : loaded 2 times (x 139B)
Class [Lorg.gradle.api.internal.ClassPathProvider;                                    : loaded 2 times (x 69B)
Class org.gradle.api.internal.ClassPathProvider                                       : loaded 2 times (x 70B)
Class [Lorg.objectweb.asm.AnnotationVisitor;                                          : loaded 2 times (x 69B)
Class com.google.common.collect.Sets$3                                                : loaded 2 times (x 139B)
Class com.google.common.cache.LocalCache$LocalLoadingCache                            : loaded 2 times (x 134B)
Class org.gradle.internal.service.UnknownServiceException                             : loaded 2 times (x 83B)
Class com.google.common.collect.Sets$4                                                : loaded 2 times (x 139B)
Class org.objectweb.asm.ModuleVisitor                                                 : loaded 2 times (x 81B)
Class com.google.common.cache.LocalCache$Strength$1                                   : loaded 2 times (x 81B)
Class com.google.common.util.concurrent.SettableFuture                                : loaded 2 times (x 114B)
Class com.google.common.cache.LocalCache$Strength$2                                   : loaded 2 times (x 81B)
Class ijKotlinCoroutineJvmDebugInit1_ehvpe6xtk4q77b1m75r6vg650$_run_closure1          : loaded 2 times (x 139B)
Class com.google.common.cache.LocalCache$Strength$3                                   : loaded 2 times (x 81B)
Class com.google.common.collect.MapDifference                                         : loaded 2 times (x 70B)
Class org.objectweb.asm.FieldWriter                                                   : loaded 2 times (x 78B)
Class com.google.common.cache.CacheBuilder$NullListener                               : loaded 2 times (x 82B)
Class org.gradle.internal.classpath.TransformedClassPath                              : loaded 2 times (x 96B)
Class org.gradle.internal.classloader.InstrumentingClassLoader                        : loaded 2 times (x 70B)
Class com.google.common.cache.CacheLoader$FunctionToCacheLoader                       : loaded 2 times (x 75B)
Class com.google.common.collect.Iterators$ArrayItr                                    : loaded 2 times (x 97B)
Class com.google.common.collect.ImmutableCollection$Builder                           : loaded 2 times (x 76B)
Class com.google.common.base.Joiner                                                   : loaded 2 times (x 79B)
Class com.google.common.base.Equivalence$Identity                                     : loaded 2 times (x 82B)
Class com.google.common.collect.Platform                                              : loaded 2 times (x 71B)
Class [Lorg.objectweb.asm.Type;                                                       : loaded 2 times (x 69B)
Class com.google.common.collect.UnmodifiableIterator                                  : loaded 2 times (x 80B)
Class org.gradle.internal.service.ServiceLocator                                      : loaded 2 times (x 70B)
Class com.google.common.base.Ascii                                                    : loaded 2 times (x 71B)
Class com.google.common.collect.SingletonImmutableBiMap                               : loaded 2 times (x 143B)
Class com.google.common.cache.LocalCache$1                                            : loaded 2 times (x 89B)
Class com.google.common.collect.Iterators$SingletonIterator                           : loaded 2 times (x 81B)
Class com.google.common.collect.AbstractMapEntry                                      : loaded 2 times (x 81B)
Class com.google.common.collect.ImmutableList$Builder                                 : loaded 2 times (x 77B)
Class com.google.common.collect.AbstractMultimap                                      : loaded 2 times (x 123B)
Class com.google.common.cache.LocalCache$2                                            : loaded 2 times (x 142B)
Class com.google.common.collect.RegularImmutableAsList                                : loaded 2 times (x 217B)
Class com.google.common.util.concurrent.AbstractFuture$Trusted                        : loaded 2 times (x 70B)
Class com.google.common.collect.Iterators                                             : loaded 2 times (x 71B)
Class com.google.common.collect.Lists$StringAsImmutableList                           : loaded 2 times (x 207B)
Class com.google.common.util.concurrent.UncheckedExecutionException                   : loaded 2 times (x 82B)
Class org.gradle.kotlin.dsl.VersionCatalogAccessorsKt                                 : loaded 2 times (x 71B)
Class org.objectweb.asm.ClassWriter                                                   : loaded 2 times (x 106B)
Class com.google.common.base.CharMatcher$And                                          : loaded 2 times (x 112B)
Class com.google.common.cache.CacheLoader$UnsupportedLoadingOperationException        : loaded 2 times (x 82B)
Class org.objectweb.asm.FieldVisitor                                                  : loaded 2 times (x 77B)
Class com.google.common.collect.IndexedImmutableSet                                   : loaded 2 times (x 152B)
Class com.google.common.collect.ImmutableMap$1                                        : loaded 2 times (x 81B)
Class com.google.common.collect.BiMap                                                 : loaded 2 times (x 70B)
Class org.gradle.api.internal.classpath.DefaultModuleRegistry$DefaultModule           : loaded 2 times (x 82B)
Class com.google.common.primitives.Ints                                               : loaded 2 times (x 71B)
Class com.google.common.collect.AbstractIterator                                      : loaded 2 times (x 82B)
Class com.google.common.math.MathPreconditions                                        : loaded 2 times (x 71B)
Class com.google.common.collect.Multiset                                              : loaded 2 times (x 70B)
Class com.google.common.collect.ArrayListMultimapGwtSerializationDependencies         : loaded 2 times (x 172B)
Class com.google.common.collect.AbstractIndexedListIterator                           : loaded 2 times (x 96B)
Class com.google.common.collect.ImmutableMapEntrySet                                  : loaded 2 times (x 152B)
Class org.gradle.api.internal.classpath.Module                                        : loaded 2 times (x 70B)
Class com.google.common.cache.Weigher                                                 : loaded 2 times (x 70B)
Class org.gradle.api.internal.classpath.UnknownModuleException                        : loaded 2 times (x 82B)
Class com.google.common.base.Stopwatch                                                : loaded 2 times (x 72B)
Class com.google.common.cache.LocalCache$Strength                                     : loaded 2 times (x 81B)
Class com.google.common.cache.Cache                                                   : loaded 2 times (x 70B)
Class com.google.common.util.concurrent.AbstractFuture$Cancellation                   : loaded 2 times (x 72B)
Class com.google.common.collect.ImmutableMap$Builder                                  : loaded 2 times (x 82B)
Class com.google.common.cache.RemovalListener                                         : loaded 2 times (x 70B)
Class org.gradle.api.internal.DefaultClassPathRegistry                                : loaded 2 times (x 76B)
Class com.google.common.primitives.IntsMethodsForWeb                                  : loaded 2 times (x 71B)
Class com.google.common.collect.Multimap                                              : loaded 2 times (x 70B)
Class org.gradle.internal.classpath.DefaultClassPath$ImmutableUniqueList              : loaded 2 times (x 199B)
Class org.gradle.api.internal.ClassPathRegistry                                       : loaded 2 times (x 70B)
Class com.google.common.base.MoreObjects                                              : loaded 2 times (x 71B)
Class com.google.common.cache.CacheBuilder                                            : loaded 2 times (x 72B)
Class com.google.common.collect.SingletonImmutableList                                : loaded 2 times (x 207B)
Class Settings_gradle$1                                                               : loaded 2 times (x 74B)
Class org.gradle.internal.classpath.ClassPath                                         : loaded 2 times (x 70B)
Class com.google.common.collect.ImmutableList$ReverseImmutableList                    : loaded 2 times (x 209B)
Class org.objectweb.asm.SymbolTable$Entry                                             : loaded 2 times (x 74B)
Class org.gradle.api.internal.classpath.DefaultModuleRegistry$DefaultModuleAlias      : loaded 2 times (x 80B)
Class org.objectweb.asm.Edge                                                          : loaded 2 times (x 72B)
Class com.google.common.base.Suppliers$SupplierOfInstance                             : loaded 2 times (x 79B)
Class com.google.common.collect.Iterators$1                                           : loaded 2 times (x 81B)
Class com.google.common.cache.LocalCache$ComputingValueReference                      : loaded 2 times (x 96B)
Class com.google.common.collect.SingletonImmutableSet                                 : loaded 2 times (x 146B)
Class com.google.common.collect.ImmutableMap$IteratorBasedImmutableMap                : loaded 2 times (x 126B)
Class com.google.common.cache.LocalCache$Segment                                      : loaded 2 times (x 154B)
Class com.google.common.collect.AbstractListMultimap                                  : loaded 2 times (x 172B)
Class [Lorg.objectweb.asm.SymbolTable$Entry;                                          : loaded 2 times (x 69B)
Class com.google.common.cache.CacheLoader                                             : loaded 2 times (x 74B)
Class com.google.common.collect.Iterators$4                                           : loaded 2 times (x 82B)
Class com.google.common.collect.ImmutableBiMap                                        : loaded 2 times (x 143B)
Class org.gradle.api.internal.classpath.ModuleRegistry                                : loaded 2 times (x 70B)
Class org.gradle.internal.installation.GradleInstallation$1                           : loaded 2 times (x 75B)
Class com.google.common.collect.ImmutableSet$JdkBackedSetBuilderImpl                  : loaded 2 times (x 76B)
Class com.google.common.util.concurrent.internal.InternalFutureFailureAccess          : loaded 2 times (x 72B)
Class com.google.common.collect.Iterators$5                                           : loaded 2 times (x 82B)
Class com.google.common.base.CharMatcher$ForPredicate                                 : loaded 2 times (x 112B)
Class com.google.common.cache.LocalCache$LocalManualCache$1                           : loaded 2 times (x 75B)
Class com.google.common.base.CharMatcher$AnyOf                                        : loaded 2 times (x 112B)
Class com.google.common.collect.ImmutableCollection                                   : loaded 2 times (x 125B)
Class org.gradle.api.internal.classpath.DefaultModuleRegistry                         : loaded 2 times (x 84B)
Class com.google.common.collect.Lists                                                 : loaded 2 times (x 71B)
Class com.google.common.util.concurrent.ListenableFuture                              : loaded 2 times (x 70B)
Class com.google.common.cache.ReferenceEntry                                          : loaded 2 times (x 70B)
Class com.google.common.base.Converter                                                : loaded 2 times (x 90B)
Class com.google.common.collect.ImmutableSet$CachingAsList                            : loaded 2 times (x 148B)
Class com.google.common.collect.AbstractMapBasedMultimap                              : loaded 2 times (x 139B)
Class com.google.common.util.concurrent.AbstractFuture                                : loaded 2 times (x 106B)
Class com.google.common.base.FunctionalEquivalence                                    : loaded 2 times (x 83B)
Class com.google.common.collect.Iterators$9                                           : loaded 2 times (x 81B)
Class com.google.common.collect.ImmutableAsList                                       : loaded 2 times (x 209B)
Class ijJvmDebugger1_c7taw3lrjo1eoziqqyouhqjk8$_run_closure1                          : loaded 2 times (x 139B)
Class org.objectweb.asm.RecordComponentVisitor                                        : loaded 2 times (x 77B)
Class com.google.common.cache.CacheLoader$SupplierToCacheLoader                       : loaded 2 times (x 75B)
Class ijKotlinCoroutineJvmDebugInit1_ehvpe6xtk4q77b1m75r6vg650                        : loaded 2 times (x 171B)
Class org.gradle.internal.service.ServiceLookupException                              : loaded 2 times (x 82B)
Class [Lcom.google.common.cache.LocalCache$EntryFactory;                              : loaded 2 times (x 69B)
Class org.gradle.internal.classloader.ClassLoaderFactory                              : loaded 2 times (x 70B)
Class com.google.common.base.CharMatcher$IsNot                                        : loaded 2 times (x 111B)
Class com.google.common.cache.LocalCache$LocalManualCache                             : loaded 2 times (x 99B)
Class org.gradle.internal.service.CachingServiceLocator                               : loaded 2 times (x 82B)
Class com.google.common.math.IntMath                                                  : loaded 2 times (x 71B)
Class com.google.common.collect.ImmutableMapEntry                                     : loaded 2 times (x 85B)
Class com.google.common.base.Equivalence                                              : loaded 2 times (x 82B)
Class com.google.common.base.Function                                                 : loaded 2 times (x 70B)
Class com.google.common.collect.ImmutableMapEntry$NonTerminalImmutableMapEntry        : loaded 2 times (x 85B)
Class ijJvmDebugger1_c7taw3lrjo1eoziqqyouhqjk8                                        : loaded 2 times (x 171B)
Class com.google.common.collect.IndexedImmutableSet$1                                 : loaded 2 times (x 213B)
Class com.google.common.cache.CacheBuilder$OneWeigher                                 : loaded 2 times (x 82B)
Class com.google.common.collect.RegularImmutableList                                  : loaded 2 times (x 213B)
Class org.gradle.internal.classloader.ClasspathUtil                                   : loaded 2 times (x 71B)
Class com.google.common.util.concurrent.Uninterruptibles                              : loaded 2 times (x 71B)
Class com.google.common.util.concurrent.LazyLogger                                    : loaded 2 times (x 72B)
Class com.google.common.collect.Maps                                                  : loaded 2 times (x 71B)
Class org.gradle.api.specs.Spec                                                       : loaded 2 times (x 70B)
Class [Lcom.google.common.collect.ImmutableEntry;                                     : loaded 2 times (x 69B)
Class com.google.common.cache.LocalCache$LoadingValueReference                        : loaded 2 times (x 96B)
Class [Lorg.objectweb.asm.AnnotationWriter;                                           : loaded 2 times (x 69B)
Class com.google.common.collect.Maps$8                                                : loaded 2 times (x 82B)
Class com.google.common.collect.Sets$SetView                                          : loaded 2 times (x 138B)
Class com.google.common.cache.LocalCache$StrongValueReference                         : loaded 2 times (x 90B)
Class org.objectweb.asm.Type                                                          : loaded 2 times (x 72B)
Class org.gradle.internal.classloader.VisitableURLClassLoader$InstrumentingVisitableURLClassLoader: loaded 2 times (x 123B)
Class com.google.common.math.IntMath$1                                                : loaded 2 times (x 71B)
Class org.objectweb.asm.ByteVector                                                    : loaded 2 times (x 79B)
Class [Lcom.google.common.cache.CacheBuilder$NullListener;                            : loaded 2 times (x 69B)
Class org.gradle.internal.classloader.VisitableURLClassLoader$Spec                    : loaded 2 times (x 74B)
Class org.gradle.internal.classpath.DefaultClassPath                                  : loaded 2 times (x 90B)
Class org.objectweb.asm.Symbol                                                        : loaded 2 times (x 73B)
Class com.google.common.base.CharMatcher$BitSetMatcher                                : loaded 2 times (x 112B)
Class com.google.common.collect.RegularImmutableMap$Values                            : loaded 2 times (x 207B)
Class com.google.common.collect.ImmutableSet                                          : loaded 2 times (x 145B)
Class org.gradle.internal.classloader.ClassLoaderSpec                                 : loaded 2 times (x 71B)
Class org.objectweb.asm.AnnotationWriter                                              : loaded 2 times (x 79B)
Class com.google.common.cache.CacheStats                                              : loaded 2 times (x 71B)
Class org.objectweb.asm.RecordComponentWriter                                         : loaded 2 times (x 78B)
Class com.google.common.util.concurrent.AbstractFuture$Listener                       : loaded 2 times (x 72B)
Class com.google.common.base.CharMatcher$Or                                           : loaded 2 times (x 112B)
Class Settings_gradle$1$1                                                             : loaded 2 times (x 74B)
Class org.gradle.api.internal.classpath.Module$ModuleAlias                            : loaded 2 times (x 70B)
Class org.objectweb.asm.Attribute                                                     : loaded 2 times (x 77B)
Class com.google.common.base.Supplier                                                 : loaded 2 times (x 70B)
Class org.gradle.internal.classloader.VisitableURLClassLoader                         : loaded 2 times (x 117B)
Class Settings_gradle                                                                 : loaded 2 times (x 124B)
Class org.gradle.internal.Cast                                                        : loaded 2 times (x 71B)
Class org.gradle.api.Action                                                           : loaded 2 times (x 70B)
Class com.google.common.collect.Sets                                                  : loaded 2 times (x 71B)
Class org.objectweb.asm.Handler                                                       : loaded 2 times (x 72B)
Class com.google.common.base.CharMatcher$FastMatcher                                  : loaded 2 times (x 111B)
Class com.google.common.base.Ticker                                                   : loaded 2 times (x 72B)
Class [Lcom.google.common.cache.LocalCache$Segment;                                   : loaded 2 times (x 69B)
Class com.google.common.base.Predicate                                                : loaded 2 times (x 70B)
Class [Lcom.google.common.cache.LocalCache$Strength;                                  : loaded 2 times (x 69B)
Class com.google.common.cache.CacheBuilder$1                                          : loaded 2 times (x 85B)
Class com.google.common.collect.ImmutableMap                                          : loaded 2 times (x 120B)
Class org.gradle.internal.classpath.DefaultClassPath$ImmutableUniqueList$Builder      : loaded 2 times (x 75B)
Class com.google.common.base.CharMatcher$NegatedFastMatcher                           : loaded 2 times (x 113B)
Class com.google.common.cache.LocalCache                                              : loaded 2 times (x 187B)
Class com.google.common.cache.CacheBuilder$2                                          : loaded 2 times (x 79B)
Class com.google.common.collect.ArrayListMultimap                                     : loaded 2 times (x 172B)
Class com.google.common.cache.CacheBuilder$3                                          : loaded 2 times (x 72B)
Class [Lcom.google.common.collect.AbstractMapEntry;                                   : loaded 2 times (x 69B)
Class com.google.common.collect.ImmutableEntry                                        : loaded 2 times (x 82B)
Class org.gradle.api.GradleException                                                  : loaded 2 times (x 82B)
Class com.google.common.collect.CollectPreconditions                                  : loaded 2 times (x 71B)
Class com.google.common.collect.SortedMapDifference                                   : loaded 2 times (x 70B)
Class com.google.common.cache.LocalCache$EntryFactory                                 : loaded 2 times (x 83B)
Class com.google.common.cache.LocalCache$AbstractReferenceEntry                       : loaded 2 times (x 107B)
Class org.gradle.internal.IoActions                                                   : loaded 2 times (x 71B)
Class org.objectweb.asm.SymbolTable                                                   : loaded 2 times (x 72B)
Class com.google.common.cache.CacheLoader$InvalidCacheLoadException                   : loaded 2 times (x 82B)
Class com.google.common.collect.ImmutableSet$RegularSetBuilderImpl                    : loaded 2 times (x 77B)
Class com.google.common.cache.LocalCache$StrongEntry                                  : loaded 2 times (x 108B)
Class com.google.common.util.concurrent.AbstractFuture$TrustedFuture                  : loaded 2 times (x 114B)
Class com.google.common.cache.LoadingCache                                            : loaded 2 times (x 70B)
Class org.objectweb.asm.MethodWriter                                                  : loaded 2 times (x 106B)
Class [Lcom.google.common.cache.Weigher;                                              : loaded 2 times (x 69B)
Class com.google.common.collect.RegularImmutableMap$BucketOverflowException           : loaded 2 times (x 82B)
Class com.google.common.collect.RegularImmutableBiMap                                 : loaded 2 times (x 149B)
Class com.google.common.base.CharMatcher$Negated                                      : loaded 2 times (x 113B)
Class com.google.common.base.CharMatcher$Is                                           : loaded 2 times (x 111B)
Class com.google.common.cache.LocalCache$ValueReference                               : loaded 2 times (x 70B)
Class com.google.common.util.concurrent.AbstractFuture$Failure                        : loaded 2 times (x 72B)
Class com.google.common.base.Equivalence$Equals                                       : loaded 2 times (x 82B)
Class com.google.common.collect.Hashing                                               : loaded 2 times (x 71B)
Class com.google.common.base.Preconditions                                            : loaded 2 times (x 71B)
Class com.google.common.base.Joiner$1                                                 : loaded 2 times (x 80B)
Class org.objectweb.asm.Label                                                         : loaded 2 times (x 73B)
Class org.objectweb.asm.CurrentFrame                                                  : loaded 2 times (x 73B)
Class org.objectweb.asm.ClassTooLargeException                                        : loaded 2 times (x 83B)
Class com.google.common.base.CharMatcher                                              : loaded 2 times (x 111B)
Class com.google.common.collect.PeekingIterator                                       : loaded 2 times (x 70B)
Class com.google.common.base.Joiner$2                                                 : loaded 2 times (x 79B)
Class org.objectweb.asm.Frame                                                         : loaded 2 times (x 73B)
Class org.objectweb.asm.MethodVisitor                                                 : loaded 2 times (x 105B)
Class com.google.common.base.CharMatcher$1                                            : loaded 2 times (x 113B)
Class com.google.common.base.CharMatcher$NamedFastMatcher                             : loaded 2 times (x 112B)
Class com.google.common.cache.LocalCache$EntryFactory$1                               : loaded 2 times (x 83B)
Class [Lcom.google.common.cache.RemovalListener;                                      : loaded 2 times (x 69B)
Class com.google.common.cache.LocalCache$EntryFactory$2                               : loaded 2 times (x 83B)
Class org.objectweb.asm.ModuleWriter                                                  : loaded 2 times (x 82B)
Class com.google.common.cache.LocalCache$EntryFactory$3                               : loaded 2 times (x 83B)
Class com.google.common.base.Ticker$1                                                 : loaded 2 times (x 72B)
Class com.google.common.collect.Maps$BiMapConverter                                   : loaded 2 times (x 90B)
Class com.google.common.collect.ImmutableMapEntrySet$RegularEntrySet                  : loaded 2 times (x 152B)
Class ijJvmDebugger1_c7taw3lrjo1eoziqqyouhqjk8$_run_closure1$_closure2                : loaded 2 times (x 140B)
Class com.google.common.collect.ImmutableSet$Builder                                  : loaded 2 times (x 85B)
Class com.google.common.base.CharMatcher$InRange                                      : loaded 2 times (x 111B)
Class com.google.common.cache.LocalCache$EntryFactory$4                               : loaded 2 times (x 83B)
Class com.google.common.cache.LocalCache$EntryFactory$5                               : loaded 2 times (x 83B)
Class com.google.common.base.PairwiseEquivalence                                      : loaded 2 times (x 83B)
Class com.google.common.cache.LocalCache$EntryFactory$6                               : loaded 2 times (x 83B)
Class org.gradle.internal.installation.CurrentGradleInstallationLocator               : loaded 2 times (x 71B)
Class com.google.common.collect.ImmutableSet$EmptySetBuilderImpl                      : loaded 2 times (x 76B)
Class com.google.common.cache.LocalCache$EntryFactory$7                               : loaded 2 times (x 83B)
Class com.google.common.collect.ImmutableList                                         : loaded 2 times (x 206B)
Class org.gradle.internal.service.DefaultServiceLocator                               : loaded 2 times (x 83B)
Class com.google.common.cache.LocalCache$EntryFactory$8                               : loaded 2 times (x 83B)
Class com.google.common.collect.ImmutableSet$SetBuilderImpl                           : loaded 2 times (x 76B)
Class org.gradle.internal.installation.CurrentGradleInstallation                      : loaded 2 times (x 73B)
Class com.google.common.cache.CacheLoader$1                                           : loaded 2 times (x 75B)
Class com.google.common.collect.ImmutableList$SubList                                 : loaded 2 times (x 209B)
Class org.gradle.util.internal.GUtil                                                  : loaded 2 times (x 71B)
Class com.google.common.cache.AbstractCache$StatsCounter                              : loaded 2 times (x 70B)
Class com.google.common.collect.Iterators$MergingIterator                             : loaded 2 times (x 81B)
Class com.google.common.collect.RegularImmutableSet                                   : loaded 2 times (x 149B)
Class org.gradle.internal.installation.GradleInstallation                             : loaded 2 times (x 75B)

---------------  S Y S T E M  ---------------

OS:
 Windows 11 , 64 bit Build 22621 (10.0.22621.5415)
OS uptime: 11 days 1:56 hours
Hyper-V role detected

CPU: total 4 (initial active 4) (2 cores per cpu, 2 threads per core) family 6 model 140 stepping 1 microcode 0xbe, cx8, cmov, fxsr, ht, mmx, 3dnowpref, sse, sse2, sse3, ssse3, sse4.1, sse4.2, popcnt, lzcnt, tsc, tscinvbit, avx, avx2, aes, erms, clmul, bmi1, bmi2, adx, avx512f, avx512dq, avx512cd, avx512bw, avx512vl, sha, fma, vzeroupper, avx512_vpopcntdq, avx512_vpclmulqdq, avx512_vaes, avx512_vnni, clflush, clflushopt, clwb, avx512_vbmi2, avx512_vbmi, hv, rdtscp, rdpid, fsrm, gfni, avx512_bitalg, f16c, cet_ibt, cet_ss, avx512_ifma
Processor Information for the first 4 processors :
  Max Mhz: 2995, Current Mhz: 2995, Mhz Limit: 2995

Memory: 4k page, system-wide physical 7930M (337M free)
TotalPageFile size 32506M (AvailPageFile size 3M)
current process WorkingSet (physical memory assigned to process): 354M, peak: 382M
current process commit charge ("private bytes"): 404M, peak: 413M

vm_info: OpenJDK 64-Bit Server VM (21.0.10+-14961533-b1163.108) for windows-amd64 JRE (21.0.10+-14961533-b1163.108), built on 2026-03-02T19:58:50Z by "builder" with MS VC++ 16.10 / 16.11 (VS2019)

END.
